1,agree,賛成する、意見が一致する、合う
2,oppose,反対する
3,advise,忠告する
4,tip,助言、ヒント、チップ、先、先端
5,discuss,話し合う、議論する、話題に出す
6,blame,責任があるとする
7,argue,主張する、言い争う
8,claim,主張する、要求する、要求
9,complain,文句を言う、苦情を言う、訴える
10,offer,申し出る、申し出、値引き
11,suggest,示唆する、提案する
12,recommend,推薦する、勧める
13,grateful,感謝している
14,apologize,謝る
15,excuse,言い訳、許す、免除する
16,celebrate,祝う、挙行する、執り行う
17,congratulate,祝う、お祝いを述べる
18,admire,称賛する、感心する
19,impress,感銘を与える、感心させる
20,award,賞、授与する
21,explain,説明する
22,describe,説明する
23,communicate,意思の疎通をはかる、伝える
24,express,表現する、急行
25,promise,約束、約束する
26,information,情報
27,technology,技術
28,research,研究、研究する
29,material,材料、生地、資料、教材、物質的な、重大な
30,artificial,人工的な
31,electric,電気の、電動の
32,invent,発明する、でっち上げる
33,discover,発見する、知る、気がつく、出会う
34,develop,発達する、発達させる、開発する、発展させる、かかる
35,skill,技術、力
36,ability,能力
37,talent,才能
38,effort,努力
39,practice,練習、実践、慣習、練習する、実践する
40,achieve,達成する
41,manage,何とかしてする、経営する、管理する
42,improve,改善する、磨く、よくなる
43,produce,生産する、産出する、取り出す、農作物
44,create,創造する、引き起こす
45,establish,確立する、定着させる、設立する
46,form,形成する、形態、書式
47,save,省く、貯金する、救う、除いて
48,medicine,薬、医学
49,patient,患者、忍耐強い
50,condition,状態、容態、状況、条件
51,medical,医療の、医学の
52,stress,ストレス、強調、強調する
53,suffer,苦しむ、経験する
54,exercise,運動、練習、運動する、行使する
55,breathe,呼吸する、息をする
56,thirsty,のどが渇いた、切望して
57,physical,身体的な、物理的な
58,fever,熱、熱狂
59,strength,体力、力
60,tear,涙、引き裂く
61,taste,味がする、味をみる、味、好み
62,rule,規則、支配する
63,role,役割
64,habit,習慣、癖
65,custom,習慣、税関、関税
66,tradition,伝統
67,society,社会、同席すること、協会
68,law,法律、国法、法律、法則
69,ancestor,祖先
70,population,人口、個体数、住民
71,native,母国の、その土地の、生まれの人
72,abroad,海外へ、海外で
73,local,その土地の、地元の、地方の、地元の人
74,survey,調査、調査する
75,value,価値、価値観、お買い得品、重んじる
76,treasure,財宝、宝、大事な物、大事にする
77,fashion,流行、流儀、やり方、作る
78,public,大衆、公共の、公の
79,evidence,証拠
80,vote,投票、投票する
81,government,政府
82,nation,国家、国民
83,capital,首都、資本、重大な、死に値する
84,state,州、状態、国家、述べる
85,political,政治的な、政治の
86,price,価格、物価、代償
87,sum,金額、合計、計算、要約する
88,budget,予算、安い
89,fee,料金、謝礼
90,fare,運賃
91,bill,勘定、請求書、紙幣、法案
92,trade,貿易、業、商売、交換する
93,wealth,富、財産、豊富な
94,economy,経済、節約
95,cost,を要する、かかる、犠牲にする、費用、犠牲
96,company,会社、一緒にいること、仲間、来客
97,task,仕事
98,earn,稼ぐ、もうける、得る
99,hurt,痛む、傷つける
100,injure,痛める、けがさせる
101,damage,損害を与える、損害、被害、賠償金
102,destroy,破壊する、殺す、全滅させる
103,ruin,台無しにする、破滅させる、廃墟、荒廃
104,danger,危険
105,neighbor,近所の人、隣の人
106,audience,聴衆、観客
107,crowd,群衆
108,author,著者、作家
109,staff,職員、従業員
110,clerk,店員、事務員、社員
111,customer,客
112,passenger,乗客
113,elderly,年配の、年配の人々
114,female,女性の、雌の、女性、雌
115,head,向かう、率いる
116,follow,後について行く、続く、に従う
117,wander,歩き回る、さまよう
118,travel,旅行する、移動する、進む
119,pass,通り過ぎる、抜く、受かる、渡す、過ぎる、通行証
120,likely,しそうだ、可能性が高い、おそらく
121,natural,当然の、自然の、生まれながらの
122,certain,確かな、ある
123,probably,おそらく
124,face,直面する、向きである、顔、体面、文字盤
125,avoid,避ける
126,solve,解決する
127,trouble,問題、ごたごた、困らせる
128,issue,問題、号、発行する
129,cheer,声援を送る、励ます、声援、励まし、乾杯
130,encourage,促す、奨励する、励ます
131,support,支持する、養う、立証する、支持、支援
132,prevent,妨げる、予防する
133,deny,否定する、給えない
134,enable,可能にする
135,succeed,成功する、継ぐ
136,miss,逃す、休む、恋しく思う
137,fail,失敗する、できない、落ちる、役に立たない
138,mistake,間違い、間違える
139,check,調べる、阻止する、小切手、勘定書、検査、点検、抑制
140,hide,隠す、隠れる
141,draw,描く、引く、引っ張る、集める
142,join,加わる、つなぐ、とともにする、参加する
143,throw,投げる、捨てる、催す、投げること
144,operate,操作する、手術する、作動する、運営される
145,repair,修理する、修復する、修理、修復
146,sew,縫う、縫いつける
147,raise,上げる、育てる、集める、提起する、賃上げ、昇給
148,serve,出す、役立つ、役立つ
149,pour,注ぐ、降りそそぐ
150,spill,こぼす、流出
151,pretend,ふりをする
152,behave,ふるまう
153,bear,耐える、持つ、運ぶ、産む
154,explore,探検する、探索する、探る
155,happen,起こる、偶然する
156,appear,現れる、のように思える
157,remain,のままでいる、残る
158,survive,生き残る、生き延びる、後も存続する
159,belong,所属している
160,represent,代表する、を表す、表現する
161,base,基礎を置く、基礎、基盤、基地
162,include,含む
163,contain,含む、抑える
164,own,自分自身の、自分自身のもの、所有している
165,share,共有する、伝える、共有、分け前
166,collect,集める、徴収する、回収する
167,gather,集める、集まる
168,history,歴史、履歴、前歴、病歴
169,subject,科目、話題、被験者、を受けやすい
170,education,教育
171,knowledge,知識、知っていること
172,uniform,制服、同一の、一定の
173,grade,学年、等級、成績
174,senior,最上級生、高齢者の、上位の
175,graduate,卒業する
176,decide,決定する、決心する、決める
177,judge,判断する、裁判官、審判
178,quit,やめる
179,retire,引退する、退職する
180,review,再検討、批評、復習
181,choose,選ぶ、選ぶ
182,imagine,想像する
183,guess,推測する、推測
184,expect,予期する、期待する、身ごもっている
185,predict,予測する
186,remember,覚えている、覚えている、よろしく伝える
187,remind,思い出させる、するように念を押す
188,realize,理解する、実現する
189,appreciate,理解する、よさがわかる、感謝する
190,accept,受け入れる
191,consider,よく考える、考慮する、思いやる、みなす
192,mind,気にする、精神、頭脳、人
193,wonder,かなと思う、驚く
194,seem,のように思われる
195,compare,比較する、例える、匹敵する
196,concentrate,集中する、集中させる
197,focus,焦点を当てる、力を注ぐ、焦点
198,allow,許可する、可能にする
199,admit,認める、許可する
200,ground,地面、根拠
201,pollution,汚染、公害
202,sight,光景、視力
203,view,眺め、景色、見解、見方、みなす
204,landscape,風景、情勢
205,nature,自然、性質
206,seed,種、シード選手
207,plant,植物、工場、発電所、植える
208,bloom,咲く、開花
209,harvest,収穫、収穫する、摘出する
210,insect,昆虫
211,earthquake,地震
212,temperature,温度、気温、体温
213,degree,度、程度、学位
214,flood,洪水、水浸しにする
215,freeze,凍る、凍りつく、凍らせる
216,reflect,反射する、反映する、熟考する
217,polite,礼儀正しい
218,rude,無礼な、不作法な
219,lonely,孤独な
220,lazy,怠惰な、いい加減な、くつろいだ
221,strict,厳しい
222,ugly,醜い
223,intelligent,知的な、賢い
224,silly,ばかな
225,nervous,あがって、落ち着かない、神経質な、臆病な、神経の
226,awake,目を覚まして
227,alone,1人で、だけ
228,attitude,態度、姿勢
229,character,性格、特徴、登場人物、文字
230,characteristic,特徴、特有の、特徴的な
231,feature,特徴、特集記事、特集する
232,detail,詳細、細部
233,advantage,利点
234,fault,欠点、不具合、責任、断層
235,quality,質、資質
236,correct,正確な、正しい、訂正する、矯正する
237,ideal,理想的な、申し分のない、理想、理想的な姿
238,fair,公正な、公平な、品評会、見本市
239,appropriate,適切な
240,famous,有名な、有名な
241,elementary,初歩的な、基本の
242,major,主要な、専攻する、専攻
243,matter,重要である、物質、事態、状況
244,bright,明るい、賢い
245,brilliant,輝いている、すばらしい
246,lively,生き生きとした
247,comfortable,快適な、心地よい
248,pleasant,楽しい、心地よい
249,convenient,都合がよい、近くて便利がよい
250,FALSE,誤った、偽の
251,terrible,ひどい、苦手で
252,awful,ひどい、不快な
253,thin,薄い、やせた、薄い
254,tight,引き締まった、きつい、厳しい
255,loose,ゆるい、解き放たれた
256,raw,生の、加工されていない
257,empty,空の、中身のない、空にする
258,smooth,滑らかな、順調な、のばす、なでつける
259,direct,直接的な、指揮する、向ける、道を教える
260,familiar,知られた、知っている
261,similar,似た
262,differ,異なる
263,vary,さまざまだ、変わる
264,specific,特定の、明確な、具体的な
265,common,普及した、普通の、共通の
266,unusual,珍しい
267,add,加える、増やす
268,increase,増える、増やす、増加
269,reduce,減らす、にする
270,divide,分割する、割る
271,count,数える、数える、重要である、当てにする
272,weigh,重さがある、重さを量る、検討する
273,quarter,4分の1、15分、25セント、地域
274,lot,多くの、とても、状況、運命、土地
275,pile,積み重ね、山、多量、積み重ねる
276,rate,割合、速さ、料金、評価する
277,figure,数字、人物、スタイル、体つき、図、目立つ
278,lack,不足、欠いている
279,extra,余分な、追加の、臨時の、もの
280,ready,用意ができている、進んでする
281,prepare,準備をする、用意をする、準備をする、用意をする、準備ができている
282,adjust,慣れる、調整する
283,apply,当てはまる、申し込む、当てはめる、応用する、塗る
284,suit,適している、好都合だ、似合う、訴訟、スーツ
285,case,場合、事実、事件、症例、主張
286,scene,場面、現場、界
287,chance,機会、可能性
288,opportunity,機会、好機
289,experience,経験、体験、経験する
290,time,時間、時間、回数、倍、情勢、時代、するとき
291,spring,春、泉、温泉、飛び出る、突然出現する
292,minute,分、ちょっとの間、議録、とても小さい、細かい、するとすぐに
293,age,年齢、時代、長い間、高齢化する
294,generation,世代、生み出すこと、発電
295,anniversary,記念日
296,recently,最近、近ごろ
297,used,以前はだった、よくしたものだ、慣れている、中古の
298,early,早く、初期に、早く、早い、初期の
299,first,第1の、初めて、初めて、まず第1に、最初のうちは
300,latest,最新の
301,modern,現代の、近代的な
302,ancient,古代の、古びた
303,spend,費やす、使う
304,delay,遅らせる、遅延、延期
305,borrow,借りる
306,lend,貸す、貸す
307,rent,借りる、賃貸しする、家賃、賃貸料、使用料
308,provide,供給する、与える
309,board,板、委員会、乗る
310,garbage,ごみ
311,item,品物、点、個、項目
312,wheel,車輪、ハンドル、動かす
313,note,メモ、紙幣、指摘する、注意を払う
314,present,プレゼント、現在、現在の、出席して、存在して、贈る、提示する
315,bargain,買い得品、交渉する
316,stuff,もの、詰める
317,string,ひも、一連の、弦
318,leisure,余暇、余暇の
319,diet,食事、規定食、国会
320,furniture,家具
321,refrigerator,冷蔵庫
322,traffic,交通
323,sell,売る、売れる
324,pay,支払う、支払う、割に合う、給料
325,wear,身につけている、すり減らす、すり減る
326,clothes,服
327,marry,と結婚する、結婚している
328,greet,挨拶する、出迎える
329,order,注文する、命令する、注文、命令、順序、秩序
330,room,部屋、余地、空間
331,story,階
332,site,用地、現場、場所、跡
333,yard,庭、ヤード
334,bottom,底、一番下、最下位、尻
335,line,列、行、線、電話回線、セリフ、並ぶ
336,row,列、こぐ
337,background,背景、経歴、生い立ち
338,direction,方向、方角、道順、指示
339,culture,文化、培養、養殖、教養、耕す、栽培する
340,art,芸術、技術、一般教養
341,cartoon,漫画
342,novel,小説、斬新な
343,instrument,楽器、器具
344,tune,曲、チャンネルを合わせる、調子を合わせる
345,sentence,文、判決、の刑にする
346,article,記事、品物、冠詞、条項
347,passage,一節、経過、移動
348,vocabulary,語彙
349,rumor,うわさ
350,spell,つづる、呪文、期間
351,pronounce,発音する、宣告する、断言する
352,sign,兆候、印、標識、看板、掲示、署名する
353,mean,意味する、するつもりだ、意地悪な
354,publish,出版する、発表する
355,display,展示する、発揮する、誇示する、展示、表現、誇示
356,trust,信頼する、信頼、信用
357,depend,次第である、頼っている
358,rely,頼る
359,pray,祈る
360,beg,嘆願する、求める
361,prefer,を好む
362,weep,しくしく泣く
363,hate,嫌う
364,worry,心配をする、心配
365,anxious,心配して、切望して
366,satisfy,満足させる、満たす
367,annoy,苛立たせる
368,bother,面倒をかける、わざわざする、面倒なもの
369,disturb,迷惑をかける、乱す
370,frighten,怯えさせる
371,regret,後悔する、残念ながらしないといけない、後悔
372,favor,親切な行為、支持
373,interest,関心、利益、利子
374,pity,残念なこと、哀れみ
375,due,が原因で、締め切りの、到着予定の
376,reason,理由、理性、推理する、思考する、判断する
377,result,結果、結果としてなる、結果として生じる
378,effect,効果、影響、結果
379,influence,影響、影響を与える
380,end,結局することになる、端、終わり、目的
381,cause,引き起こす、原因
382,affect,影響を与える、作用する
383,way,方法、点、道、はるかに
384,manner,方法、流儀、態度、マナー
385,purpose,目的
386,sake,ため、日本酒
387,right,ちょうど、正しい、適切な、右の、権利
388,complete,完全な、完成させる
389,hardly,ほとんどない、めったにない
390,almost,ほとんど
391,partly,ある程度、部分的に
392,indeed,実際に、本当に、確かに
393,even,さえも、さらに、偶数の、均一の、ちょうどの
394,exactly,正確に、そのとおり
395,gradually,徐々に
396,therefore,それゆえに
397,instead,代わりに、代わりに
398,until,まで、まで
399,besides,に加えて、おまけに
400,except,を除いて、を除いて
401,debate,討論、討論する
402,criticize,批判する
403,accuse,非難する、告訴する
404,insist,言い張る、主張する、主張する、を求める
405,object,反対する、物、目的、対象
406,protest,抗議する、抗議
407,controversial,論争を招く、物議をかもす
408,bound,きっとする、行きで
409,bet,きっと～だと思う、賭ける
410,demand,要求する、要求、需要
411,desire,願望、強く望む
412,praise,褒める、称える、賞賛
413,honor,名誉、栄誉、敬う
414,chat,おしゃべりする、おしゃべり
415,refer,言及する、参照する、示す
416,mention,述べる、言及する
417,convey,伝える、運ぶ
418,demonstrate,示す、実演する
419,emphasize,強調する
420,exaggerate,誇張する、誇張する、大げさに言う
421,reply,返事をする、答える、返事、答え
422,respond,返答する、対応する、反応する
423,whisper,ささやく、ささやき
424,remark,発言、と発言する
425,observe,観察する、と述べる、遵守する、祝う
426,theory,理論、説
427,analysis,分析
428,phenomenon,現象、特異なもの、天才
429,device,装置
430,experiment,実験、実験する
431,chemical,化学物質、化学の
432,fuel,燃料、大きくする
433,nuclear,原子力の、核の
434,statistics,統計、統計学
435,pursue,追求する、続ける、追跡する
436,accomplish,やり遂げる
437,overcome,克服する
438,fulfill,果たす、満たす
439,devote,ささげる
440,strive,努力する
441,aim,狙う、向けだ、狙い、目的
442,challenge,難問、課題、異議を唱える
443,trial,試み、裁判、試練
444,dizzy,めまいがして
445,appetite,食欲
446,starve,餓死する、とてもお腹が空いている
447,mental,精神の、知力の
448,rest,休憩、残り、休む、次第だ、休ませる
449,surgery,手術、外科
450,disease,病気
451,stomachache,腹痛
452,symptom,症状、兆候
453,cancer,がん、かに座
454,ambulance,救急車
455,recover,回復する、取り戻す
456,sore,痛い、触れてほしくない、心が痛む
457,swell,腫れる、膨らむ
458,cough,咳をする、咳
459,bleed,出血する
460,faint,かすかな、気絶する、気絶
461,exhaust,疲れ果てさせる、使い果たす、排出、排気ガス
462,cure,治療する、治療法
463,disabled,障がいのある、障がいのある人
464,stiff,凝った、痛い、堅い
465,muscle,筋肉
466,tongue,舌、言語、言葉、話し方
467,sense,感覚、分別、意味、感じる
468,sweat,汗、汗をかく
469,gender,性、性別
470,nationality,国籍
471,citizen,市民、国民
472,civil,市民の、国内の、礼儀正しい
473,racial,人種の、民族の
474,rural,田舎の
475,domestic,国内の、家庭内の
476,global,世界的な
477,suburb,郊外
478,border,国境、境界、縁取る
479,burden,重荷、負担
480,impact,影響、衝撃、影響を及ぼす
481,status,地位、状況
482,equal,等しい、平等な、等しい
483,relationship,関係、親密な関係
484,reputation,評判
485,trend,風潮、傾向、流行
486,service,事業、制度、便、サービス、接客
487,religion,宗教
488,moral,道徳的な、教訓、道徳
489,standard,基準、水準、標準の
490,prosperity,繁栄
491,crisis,危機
492,prejudice,偏見、先入観、偏見をもたせる
493,discrimination,差別、識別
494,charity,慈善、慈善団体、慈善のための
495,benefit,恩恵、手当、恩恵を得る、恩恵を与える
496,welfare,福祉、幸福、生活保護
497,community,地域社会、共同体
498,individual,個人、個体、個人の、個々の
499,official,役人、役員、公式の
500,immigrant,移民
501,volunteer,ボランティア、自発的に申し出る
502,interact,交流する、相互作用する
503,contribute,貢献する、一因となる、寄付する、提供する
504,abolish,廃止する
505,impose,課す、押しつける
506,access,利用する権利、接近方法
507,duty,義務、関税
508,responsible,責任がある、原因となっている
509,policy,政策、方針、保険契約、約款
510,elect,選ぶ
511,industry,工業、産業、業界、勤勉
512,income,収入
513,profit,利益、利潤
514,tax,税金
515,expense,費用、経費、犠牲に
516,debt,借金
517,deposit,預金、頭金、保証金、埋蔵物、堆積物、預ける
518,charge,料金、責任、管理、非難、告訴、請求する、告訴する、充電する
519,wage,賃金、行う
520,recession,不況、不景気
521,consume,消費する
522,waste,浪費する、浪費、無駄、廃棄物
523,invest,投資する、与える
524,import,輸入する、輸入、輸入品
525,financial,財政的な、金銭的な
526,hire,雇う、借りる
527,employ,雇う、を用いる
528,resign,辞職する、辞める
529,qualify,資格がある、資格を得る、資格を与える
530,assign,割り当てる、配属する
531,occupation,職業、占有、占領
532,career,職業、経歴
533,profession,職業、同業者集団
534,unemployment,失業、失業率、失業者数
535,document,書類、資料、記録する
536,department,部門、課、学科、省
537,branch,支店、支局、部門、枝
538,retail,小売り、小売りされている
539,colleague,同僚
540,system,制度、組織、体系
541,structure,構造
542,architecture,建築
543,construction,建設
544,function,機能、機能する
545,surface,表面、表面化する
546,aspect,側面
547,edge,端、刃、優位
548,makeup,構成、構造、資質、化粧、追試験
549,consist,構成されている、ある
550,compose,構成する、組み立てる、作曲する、落ち着かせる
551,attach,くっつける、添付する、愛着を持たせる
552,connect,つなげる、関連づける、つながる
553,relate,関連づける、話す、理解を示す
554,associate,関連づける、連想する、付き合う、同僚、共同経営者
555,stick,貼り付ける、出す、守る、固執する
556,thief,泥棒
557,crime,犯罪
558,motive,動機
559,punish,罰する
560,violate,違反する、侵害する
561,legal,合法の、法律の、法的な
562,enemy,敵、敵の
563,conflict,対立、紛争、葛藤、矛盾する
564,compete,競争する、参加する
565,defeat,打ち負かす、敗北
566,victim,犠牲者
567,obstacle,障害
568,harm,害、害を与える
569,invade,侵害する、侵入する、侵略する
570,endanger,危険にさらす
571,interrupt,中断する、遮る、人の話を遮る
572,spoil,台無しにする、甘やかす
573,spectator,観客
574,relative,親戚、相対的な
575,departure,出発、逸脱
576,destination,目的地、観光地、旅行先
577,transportation,交通機関
578,vehicle,車両、伝達手段
579,baggage,手荷物
580,via,経由で、によって
581,lead,至る、送る、させる、鉛、芯
582,rise,上がる、昇る、上昇
583,flow,流れる、流れ
584,burst,破裂する、爆発する、突然し始める
585,melt,溶ける、溶かす
586,commute,通勤通学する、通勤通学
587,accompany,一緒に行く、伴う
588,emit,排出する
589,progress,進歩、前進、進歩する、進む
590,advance,進歩、前進、前進する、進歩する、事前の
591,deal,扱う、取り引き
592,handle,扱う、触れる、取っ手
593,treat,扱う、治療する、おごる、楽しみ
594,clue,手がかり
595,restrict,制限する
596,limit,制限する、制限
597,forbid,禁じる
598,ban,禁止、禁止する
599,refuse,拒む、断る
600,reject,拒絶する、拒む、除け者にする
601,persuade,説得してさせる
602,convince,確信させる、説得してさせる
603,inspire,奮起させる、かき立てる、ヒントを与える
604,discourage,やる気をなくさせる、落胆させる
605,promote,促進する、出世する、昇進する
606,boost,促進させる、増大させる
607,expand,拡大する、膨張する、拡大する、膨張させる
608,extend,延長する、広げる、伸びる、広がる
609,broaden,広げる、広がる
610,spread,広げる、広がる、広がり
611,tie,縛る、結ぶ、ネクタイ、きずな
612,fasten,固定する、かける、留める
613,fix,固定する、修理する、作る
614,install,設置する、インストールする
615,resist,我慢する、抵抗する
616,obey,従う
617,engage,従事する、関与する、引く
618,bump,ぶつかる、偶然出会う
619,bend,身をかがめる、曲げる、カーブ
620,hug,抱きしめる、抱擁
621,stare,じっと見つめる、凝視
622,gaze,見つめる、視線、凝視
623,glance,ちらりと見る、ちらりと見ること
624,glimpse,ちらりと見える、ちらりと見えること
625,stretch,伸ばす、広げる、伸びる、広がる、広がり
626,stumble,つまずく、偶然出会う
627,press,押す、押しつける、勧める、報道機関、出版
628,drag,引きずる
629,lean,寄りかかる、身を乗り出す、痩せている
630,scratch,ひっかく、かく、ひっかき傷
631,bow,おじぎする、おじぎ
632,nod,うなずく、うたた寝する、うなずき、会釈
633,sigh,ため息をつく、ため息
634,yawn,あくびをする、あくび
635,sneeze,くしゃみをする
636,bury,埋める、埋葬する
637,perform,遂行する、演じる、演奏する、やる
638,adopt,採用する、養子にする、引き取る
639,escape,逃れる、避ける、逃亡
640,scatter,まき散らす、散る
641,fold,折る、折りたたむ、組む、折りたためる
642,hang,掛ける、絞首刑にする、ぶら下がる
643,release,解放する、発表する、出す、放出する、解放、発売
644,strike,打つ、襲う、思い浮かぶ、印象を与える、ストライキ
645,beat,打つ、勝つ
646,protect,守る、保護する
647,twist,曲げる、ひねる、捻挫する
648,skip,サボる、抜かす
649,expose,さらす、暴露する
650,stir,混ぜる、呼び覚ます
651,shake,振る、揺さぶる、震える
652,polish,磨く
653,attend,出席する、通う、注意を向ける、世話する
654,imitate,まねる
655,conduct,行う、伝える、行為
656,struggle,苦闘する、もがく、苦闘、もがくこと
657,burn,焼ける、燃やす
658,cheat,ごまかす、だます
659,participate,参加する
660,exist,存在する
661,arise,生じる
662,occur,生じる、思いつく
663,involve,巻き込まれる、参加する、伴う
664,require,必要とする
665,counterpart,対応する人、物、事
666,advent,到来、キリストの降臨
667,maintain,維持する、主張する
668,last,続く、長持ちする、この前の、最後の、もっともでない、ついに
669,persist,持続する、残る、貫く、固執する
670,examine,調査する、検査する
671,gain,増す、得る、利益、増加
672,obtain,得る
673,acquire,習得する、獲得する、買収する
674,search,捜す、捜索、調査
675,logical,論理的な
676,scholarship,奨学金、学問、学識
677,instruction,指示
678,determine,決める、影響する、決意している、特定する
679,conclude,結論を下す
680,distinguish,区別する
681,classify,分類する
682,estimate,推定する、見積もる、見積もり
683,organize,まとめる、組織化する、取りまとめる
684,recognize,だれかわかる、認識する
685,suppose,することになっている、思う、仮定する
686,assume,思い込む、決めつける、引き受ける
687,care,気にする、世話をする、世話、心配
688,approve,認める、承認する、承認する
689,notice,気がついている、通知、掲示、注意
690,aware,気づいている
691,conscious,意識している、気づいている、意識がある
692,concerned,関心を持っている、重視している、扱っている、懸念している
693,regard,みなす、評価する、点、よろしくという挨拶
694,commit,専念する、委ねる、充てる、犯す
695,doubt,疑う、とは思わない、疑い
696,memorize,暗記する
697,forgive,許す
698,grant,当然のことと思う、与える、交付、補助金
699,recall,思い出す、回収する、リコールする
700,outlook,考え方、見通し
701,perspective,視点、見方、遠近法
702,abandon,捨てる、放棄する
703,eliminate,排除する、敗退する
704,rid,処分する、取り除く
705,remove,取り除く、取り去る、脱ぐ
706,resource,資源、財産、力量、手段
707,conservation,保護、保存
708,preserve,保護する、保つ
709,disaster,災害、大失敗
710,planet,惑星、地球
711,environment,環境、周囲
712,horizon,水平線、地平線、視野
713,layer,層
714,agriculture,農業
715,crop,作物、収穫、生じる
716,soil,土、土壌
717,weed,雑草、海草、雑草を抜く
718,pollen,花粉
719,drown,溺れ死ぬ
720,leak,漏れる、漏らす、漏れ
721,climate,気候、状況
722,atmosphere,大気、雰囲気、大気圏
723,forecast,予報、予報する
724,humid,湿気が多い
725,tropical,熱帯の
726,solar,太陽の
727,species,種
728,pesticide,殺虫剤、駆除剤
729,extinct,絶滅した
730,feed,えさを与える、養う、常食とする
731,energetic,活発な
732,greedy,貪欲な
733,brave,勇敢な
734,generous,気前のよい
735,intellectual,知的な
736,curious,好奇心が強い、奇妙な、好奇心をそそる
737,imaginative,想像力豊かな
738,afford,余裕がある、与える
739,eager,熱心な
740,selfish,利己的な、自分勝手な
741,aggressive,攻撃的な、積極的な
742,cruel,残酷な
743,addicted,中毒になっている
744,stubborn,頑固な
745,bold,大胆な
746,guilty,申し訳なく思う、罪の意識がある、罪を犯した
747,innocent,無実の、無邪気な
748,sincere,誠実な、心からの、偽りのない
749,modest,謙虚な、大きくない、高くない
750,stupid,ばかな
751,indifferent,無関心で
752,punctual,時間を守る
753,coward,臆病者
754,precise,正確な、精密な
755,accurate,正確な
756,proper,適切な
757,tidy,きちんとした、整然とした、整頓する
758,efficient,能率的な、無駄がない、有能な
759,reasonable,理にかなった、手ごろな
760,significant,重要な、有意な、かなりの
761,precious,貴重な、高価な
762,essential,不可欠な、不可欠なもの
763,fundamental,根本的な、基本的な、基本事項
764,outweigh,に勝る
765,critical,重大な、危機的な状況の、批判的な
766,serious,深刻な、真剣な、本気の
767,complex,複雑な、複合体、強迫観念
768,complicated,複雑な、ややこしい
769,delicate,繊細な、微妙な、虚弱な
770,plain,明白な、わかりやすい、質素な、平野、原野
771,obvious,明白な
772,remarkable,注目すべき、すばらしい
773,outstanding,傑出した、目立った
774,various,さまざまな
775,diversity,多様性
776,sort,種類、多少、分類する
777,marvelous,驚くべき、素晴らしい
778,active,積極的な、活発な
779,positive,前向きな、積極的な、確信している
780,pure,純粋な、澄んだ
781,steady,着実な、一定の
782,flexible,柔軟な、融通のきく
783,ripe,熟した
784,stable,安定した、馬小屋、きゅう舎
785,negative,否定的な、否定の
786,vague,曖昧な、漠然とした
787,weird,変な
788,rough,粗い、おおざっぱな、荒れている
789,severe,厳しい、ひどい
790,passive,受動的な、消極的な
791,vain,無駄に、無駄な、うぬぼれの強い
792,fake,偽の、偽造の、偽造品
793,risky,危険な、危うい
794,odd,奇妙な、奇数の、半端な、雑多な、可能性
795,ignorant,無知の
796,contrast,対比、対比する、対照をなす
797,valid,妥当な、正当な、有効な
798,rare,珍しい
799,casual,気楽な、ふとした、何気ない
800,available,手に入る、利用できる、空いている
801,practical,現実的な、実際の、実用的な、実践的な
802,abstract,抽象的な、要旨
803,brand-new,新品の、真新しい
804,secondhand,中古の、間接的な
805,rapid,急速な、急流
806,urgent,緊急の、差し迫った
807,shallow,浅い、浅はかな
808,sharp,急激な、きつい、鋭い、きっちりで
809,calm,落ち着いた、落ち着く、落ち着かせる
810,naked,裸の、むき出しの
811,independent,独立した、無所属の、無所属の人
812,tense,張り詰めた、緊張した、時制
813,narrow,狭い、狭くする、細める
814,vacant,空いている、使用されていない
815,vivid,鮮明な、鮮明な
816,awkward,ぎこちない、気まずい、扱いにくい
817,objective,客観的な、目標
818,manual,手を使う、身体を使う、手動の、手引き書
819,alike,似ている、同様に
820,alien,異質な、外国人の、地球圏外の
821,tend,する傾向にある
822,deserve,値する
823,fragment,破片
824,range,範囲、範囲に及ぶ
825,scale,規模、体重計、うろこ
826,unique,特有の、独自の、独特の
827,particular,特定の、特有の、好みがうるさい、特に
828,typical,典型的な
829,general,一般的な、全体の、大将、将軍
830,ordinary,平凡な、ふつうの
831,account,占める、説明する、説明、口座
832,calculate,計算する
833,measure,測る、寸法がある、手段
834,decline,減る、衰退する、断る、衰退、減少
835,split,割る、分裂させる、分裂する、分裂、裂け目、割れ目
836,volume,容積、体積、ボリューム、音量、巻
837,proportion,比率、部分、規模、大きさ
838,dozen,ダース、数十の
839,amount,量、に達する、結局～になる
840,mass,大量、大衆、かたまり、質量、ミサ
841,shortage,不足
842,enormous,莫大な、巨大な
843,spare,余分な、予備の、割く、惜しむ
844,arrange,手配する、段取りをつける、整理する
845,adapt,適応する、適応させる
846,match,調和する、匹敵する、釣り合う人、物、好敵手
847,fit,に合う、健康な、適した
848,emergency,緊急事態、緊急の
849,occasion,場合、行事、祝い事
850,accidental,偶然の、偶発的な
851,current,最新の、今の、流通して、流れ、風潮
852,temporary,一時的な
853,permanent,永久的な
854,previous,前の、以前の
855,former,前者、元の、前の、旧
856,contemporary,現代の、同時代の、同時代の人
857,lately,最近
858,immediately,すぐに、直接に
859,deadline,締め切り
860,decade,10年
861,supply,供給する、供給
862,replace,取って代わる、取り替える
863,exchange,交換する、交換
864,substitute,代わりに用いる、代わりになる、代わりをする、代わりの、代用品、代理人
865,submit,提出する、服従する
866,alternative,代わりのもの、選択肢、代わりの、既存のものとは違う
867,deliver,配達する、演説などをする
868,enclose,同封する、囲む、閉じ込める
869,envelope,封筒
870,trick,いたずら、手口、策略、芸、手品、秘けつ、だます
871,load,荷物、積む
872,content,中身、内容、満足して
873,household,所帯、家庭、家庭の
874,good,商品、利益、かなりの
875,luxury,高級品、ぜいたく品、豪華な、ぜいたくな
876,credit,クレジットカード、功績、手柄、単位、功績を認める
877,questionnaire,アンケート
878,reservation,予約、慎重な姿勢
879,fuss,大騒ぎ
880,reward,報酬、褒美、懸賞金、褒美を与える、報いる
881,farewell,別れ
882,reception,もてなし、歓迎会、フロント、受信状況
883,portion,1盛り、1人前、一部
884,laundry,洗濯、洗濯物、クリーニング店
885,nap,昼寝、仮眠、昼寝をする、仮眠をとる
886,wake,目が覚める、起こす
887,vending machine,自動販売機
888,grocery,食料雑貨店、食料雑貨類
889,appointment,予約、約束、任命、指名
890,consult,相談する、辞書を引く、相談する
891,register,登録する、記録する、登録する、記帳する、登録
892,dye,染める、染料
893,subscribe,定期購読する、加入している、支持する
894,guarantee,保証する、保証
895,wipe,拭く、一掃する、壊滅させる
896,sweep,掃く、押し流す
897,transfer,乗り換える、転勤する、移す、振り込む
898,divorce,離婚する、離婚
899,fate,運命、宿命
900,destiny,運命
901,flavor,風味、味
902,perfume,香り、香水
903,ingredient,材料、要因、成分
904,bitter,苦い、つらい、憤慨して
905,aisle,通路
906,track,足跡、小道、線路、追跡する
907,district,地区
908,facility,施設、設備、能力
909,height,高さ、高い所、最盛期
910,distant,遠い
911,locate,位置している、場所を見つける
912,occupy,占める
913,surround,取り囲む、包囲する
914,classical,クラシックの、古典的な
915,civilization,文明
916,heritage,遺産
917,script,台本、脚本、文字
918,tale,話
919,literature,文学、文献
920,tragedy,悲劇
921,poetry,詩
922,biography,伝記
923,term,用語、期間、間柄、条件
924,proverb,諺
925,dialect,方言
926,fluent,流暢な
927,translate,翻訳する、変わる
928,define,定義する、規定する
929,interpret,解釈する、通訳する
930,quote,引用する、価格を提示する、引用文、見積り
931,literally,文字どおりに
932,indicate,示す、指し示す
933,reveal,明らかにする、暴露する
934,announce,発表する
935,broadcast,放送する、放送
936,prove,証明する、判明する
937,advertise,宣伝する
938,clarify,明らかにする
939,seek,求める、努める
940,entertain,楽しませる、もてなす
941,amuse,楽しませる
942,attract,引きつける、魅了する
943,fascinate,魅了する、興味をもたせる
944,absorb,没頭する、吸収する
945,fond,好きだ、懐かしい
946,scare,おびえさせる
947,alarm,ぎょっとさせる、恐怖、不安
948,amaze,驚かせる
949,irritate,いらいらさせる
950,upset,動揺させる、乱す、動揺して
951,puzzle,当惑させる、難問
952,confuse,混乱させる、混同する
953,bore,うんざりさせる、退屈させる
954,frustrate,欲求不満にさせる、挫折させる
955,disappoint,失望させる
956,embarrass,恥ずかしい思いをさせる
957,ashamed,恥ずかしい
958,uneasy,不安な、胸騒ぎがする
959,hesitate,ためらう
960,reluctant,気が進まない
961,tremble,震える
962,boast,自慢する、誇りにしている
963,jealous,嫉妬した
964,envy,羨ましく思う、羨望
965,yell,叫ぶ、叫び
966,respect,尊敬する、尊重する、尊敬、点
967,despair,絶望
968,emotion,感情
969,sympathy,同情、共感
970,shame,残念なこと、恥
971,confidence,自信、信頼
972,courage,勇気
973,passion,情熱
974,sorrow,悲しみ
975,ignore,無視する
976,offend,怒らせる、気分を害する
977,depress,憂うつにさせる、落ち込ませる
978,owe,おかげだ、借りている
979,fear,恐怖、恐れる、心配する
980,method,方法
981,medium,手段、媒体、中間の
982,means,手段、財産
983,extent,程度
984,extremely,極度に、非常に
985,total,全体の、まったくの、合計
986,largely,大部分は、主に
987,moderate,適度な、節度のある
988,somewhat,いくぶん
989,subtle,かすかな
990,possibly,ひょっとすると、どうしても
991,eventually,最終的に、ついに
992,necessarily,必ずしも～ない
993,frankly,率直に
994,ironically,皮肉なことに
995,moreover,その上
996,otherwise,さもなければ、ほかの点では
997,regardless,無関係に
998,worth,価値がある、価値
999,according to,によれば、に応じて
1000,despite,にもかかわらず
1001,propose,提案する、結婚を申し込む
1002,dismiss,退ける、解雇する
1003,bless,祝福する
1004,glory,栄光
1005,compliment,褒め言葉、褒める
1006,feast,宴会、楽しいこと
1007,declare,宣言する、申告する
1008,highlight,強調する、ハイライト
1009,imply,ほのめかす、意味する
1010,recite,暗唱する
1011,ray,光線、放射線、わずかな
1012,radiation,放射線
1013,laboratory,研究室、研究所
1014,oxygen,酸素
1015,molecule,分子
1016,compound,化合物、複合的な
1017,tissue,組織、ティッシュ
1018,cell,細胞、電池、独房
1019,gene,遺伝子
1020,substance,物質、本質
1021,solid,固体の、ぎっしり詰まった、固体
1022,satellite,衛星、人工衛星
1023,orbit,軌道、周回する
1024,launch,打ち上げる、始める、開始
1025,attempt,試み、試みる
1026,capacity,能力、容量
1027,capable,力がある、有能な
1028,attain,達成する、到達する
1029,desperate,必死の、絶望的な
1030,dedicate,捧げる
1031,pain,苦痛、苦労
1032,strain,負担、痛める
1033,remedy,治療法、改善策
1034,pharmacy,薬局
1035,physician,医師、内科医
1036,disorder,不調
1037,pregnant,妊娠した
1038,clinical,臨床の
1039,heal,治す、治る
1040,infect,感染させる、伝染する
1041,ankle,足首
1042,thumb,親指
1043,forehead,額
1044,chin,あご
1045,chest,胸、箱
1046,breast,胸、乳房
1047,lung,肺
1048,organ,臓器、器官、オルガン
1049,vision,視力、未来像、先見の明
1050,skeleton,骸骨、骨格
1051,sensation,感覚、感情
1052,code,規定、暗号
1053,agenda,議題
1054,liberty,自由
1055,committee,委員会
1056,humanity,人類、人文科学、人間性
1057,mankind,人類
1058,authority,権威、権力、当局
1059,justice,正義
1060,insurance,保険
1061,hardship,苦難
1062,poverty,貧困
1063,chaos,大混乱
1064,isolation,孤立、分離
1065,region,地域
1066,proof,証拠、～を防ぐ
1067,warranty,保証
1068,principle,原理、原則、主義
1069,origin,起源
1070,setting,環境、状況、設定
1071,mission,任務、使節団、布教
1072,project,計画、見積もる、投影する
1073,monument,記念碑、遺跡
1074,revolution,革命
1075,contract,契約、契約する、感染する
1076,infrastructure,インフラ
1077,negotiate,交渉する、取り決める
1078,cooperate,協力する
1079,restore,回復する、修復する
1080,found,創立する
1081,conservative,保守的な
1082,affair,情勢、事件、情事
1083,agency,機関、代理店
1084,council,議会
1085,kingdom,界、社会、王国
1086,republic,共和国
1087,empire,帝国
1088,aid,援助、救援物資
1089,reform,改革
1090,minister,大臣、牧師
1091,parliament,議会
1092,territory,領土、縄張り、領域
1093,poll,世論調査、投票、得票する
1094,fortune,財産、運
1095,property,財産、特性、所有地
1096,fund,資金、基金、資金を出す
1097,stock,株、在庫品
1098,labor,労働、労働者、努力
1099,overwork,働きすぎる、酷使する、過労
1100,firm,会社、固い、引き締まった
1101,union,労働組合、合併、連邦
1102,administration,経営、行政、政権
1103,secretary,秘書、長官
1104,editor,編集長、編集者
1105,client,依頼人、取引先
1106,recruit,採用する、新人
1107,basis,基礎、根拠、基準
1108,element,要素、元素、自然の力、少しの
1109,constitute,構成する、～である
1110,unify,統一する
1111,combine,結びつける、同時に行う、結びつく
1112,unite,団結する、団結させる
1113,link,関連、つなぐ
1114,relevant,関連のある、重要な
1115,murder,殺人、殺す
1116,arrest,逮捕する、逮捕、停止
1117,prison,刑務所
1118,vice,犯罪、悪徳、副～
1119,witness,目撃者、証人、目撃する
1120,bullet,弾丸
1121,sword,剣
1122,wound,傷、傷つける
1123,triumph,勝利、勝利する
1124,military,軍事的な
1125,strategy,戦略
1126,conquer,征服する、克服する
1127,defend,守る
1128,dominate,支配する
1129,rob,襲う、奪う
1130,deprive,奪う
1131,devastate,壊滅させる、打ちのめす
1132,crash,激突する、墜落する、墜落
1133,hazard,危険
1134,debris,破片、残骸
1135,orphan,孤児
1136,slave,奴隷
1137,acquaintance,知人、面識
1138,merchant,商人
1139,resident,住人、居住者、住んでいる
1140,crew,乗組員、チーム
1141,chase,追いかける、追跡
1142,proceed,進む、さらに続けて～する
1143,fade,薄れる
1144,dissolve,溶ける、溶かす、解散する
1145,float,浮かぶ、浮かべる
1146,sink,沈む、沈める、流し
1147,bounce,跳ねる、返送する
1148,transform,変える、変形する
1149,shift,転換、交替
1150,modify,修正する
1151,revise,修正する、改正する
1152,enhance,向上させる
1153,lower,下げる
1154,voyage,航海、船旅
1155,confirm,確認する、裏付ける
1156,ensure,確実にする
1157,address,取り組む、呼びかける、演説、住所
1158,approach,取り組み方、接近、取り組む、接近する
1159,resolve,解決する、決心する
1160,settle,解決する、据える、定住する、決める
1161,enrich,豊かにする
1162,warn,警告する
1163,force,強いる、力、武力
1164,appeal,訴える、魅力、人気
1165,applause,拍手
1166,leap,跳ぶ、躍進
1167,grab,つかむ、素早く取る
1168,seize,つかむ、押収する、捕らえる
1169,cast,投げる、投げかける、役を与える
1170,stun,気絶させる、ぼう然とさせる
1171,illuminate,照らす、解明する
1172,uncover,明らかにする、暴く
1173,mend,修繕する
1174,react,反応する
1175,endure,耐える
1176,bind,結びつける、縛る
1177,encounter,出会う、遭う、出会い
1178,trace,捜し出す、追跡調査、跡
1179,undergo,経験する
1180,seal,密封する、印鑑
1181,incorporate,取り入れる
1182,emerge,現れる、台頭する
1183,unfold,展開する、広げる
1184,derive,由来する、引き出す
1185,generate,生み出す
1186,possess,所有している
1187,retain,保持する
1188,secure,確保する、安全で
1189,capture,捕らえる、捕獲
1190,monitor,監視する、画面
1191,investigate,調査する、捜査する
1192,detect,探知する、発見する、見抜く
1193,inquiry,調査、質問
1194,specialize,専攻する、専門にする
1195,semester,学期
1196,biology,生物学
1197,ecology,生態学
1198,philosophy,哲学、考え方
1199,geography,地理学
1200,institution,機関、制度
1201,faculty,能力、学部、全教員
1202,intermediate,中級の、中間の
1203,notion,考え
1204,concept,概念、考え
1205,meditation,瞑想、熟考
1206,insight,洞察、見識
1207,caution,用心、警告、注意を与える
1208,will,意志、遺書
1209,option,選択肢
1210,prospect,見通し
1211,cherish,大切にする、胸に抱く
1212,intend,するつもりだ
1213,suspect,ではないかと思う、疑う、容疑者
1214,identify,特定する、同一視する、一体感をもつ
1215,permit,許可する、許可証
1216,acknowledge,認める
1217,perceive,認識する、知覚する
1218,evaluate,評価する
1219,cultivate,耕す、育む、磨く
1220,shade,日陰、陰、わずかな違い
1221,breeze,そよ風
1222,desert,砂漠、見捨てる
1223,fog,霧
1224,moisture,湿気、水分
1225,damp,湿った、じめじめした
1226,path,小道
1227,trail,山道、跡、爪跡
1228,stream,小川、流れ
1229,tide,潮、潮流、時流
1230,reef,礁
1231,habitat,生息地
1232,volcano,火山
1233,mine,鉱山、地雷
1234,swallow,ツバメ、飲み込む
1235,web,巣、インターネット
1236,mosquito,蚊
1237,cattle,ウシ
1238,kitten,子ネコ
1239,organism,生物
1240,wildlife,野生生物
1241,beast,野獣
1242,ape,類人猿
1243,flock,群れ、群れる
1244,vein,静脈
1245,breed,繁殖する、引き起こす、品種
1246,reproduce,繁殖する、再現する
1247,talkative,おしゃべりの
1248,earnest,真面目な
1249,diligent,勤勉な
1250,principal,主要な、校長
1251,prime,最重要な、素数
1252,definite,明確な
1253,evident,明らかな
1254,prominent,目立った、著名な
1255,marked,際立った、著しい
1256,grace,優美さ、感謝の祈り
1257,charm,魅力、お守り
1258,fancy,高級な、欲しい、と思う
1259,rational,理性的な
1260,magnificent,壮大な、素晴らしい
1261,superior,より優れている、上司
1262,loyal,忠実な
1263,horrible,ひどい、ぞっとする
1264,miserable,悲惨な、不幸な
1265,dull,退屈な、切れ味が悪い、鈍い
1266,nasty,不快な
1267,insane,正気でない
1268,ridiculous,ばかげた
1269,rotten,腐った
1270,notorious,悪名高い
1271,evil,悪い、悪
1272,mess,乱雑、からかう
1273,vast,広大な、莫大な
1274,huge,巨大な
1275,tiny,とても小さな
1276,sphere,球体、領域
1277,strip,一片、奪う、裸になる
1278,vessel,管、船
1279,internal,内部の、国内の
1280,mobile,流動的な、携帯電話
1281,steep,険しい、急な
1282,intense,強烈な
1283,inevitable,避けられない
1284,neutral,中立の、中立
1285,brief,手短な、簡潔な、要約
1286,bare,むき出しの、最低限の
1287,mutual,相互の、共通の
1288,potential,潜在的な、可能性
1289,tough,たくましい、厳しい、困難な
1290,conventional,従来の、慣習的な
1291,supreme,最高の
1292,resemble,似ている
1293,contrary,それどころか、反対に、反対の
1294,category,範疇
1295,scope,範囲
1296,given,定められた、を考慮すると
1297,peculiar,固有の、独特な、変な
1298,sufficient,十分な
1299,numerous,多くの
1300,substantial,かなりの、内容のある
1301,unit,単位
1302,diameter,直径
1303,arithmetic,算術
1304,quantity,量
1305,deficiency,欠乏、不足
1306,maximum,最大限
1307,bunch,束、房
1308,lessen,減らす
1309,era,時代
1310,session,期間、会期、集まり
1311,pause,休止、休止する
1312,annual,年に1度の、1年間の
1313,eternal,永遠の
1314,initial,最初の、頭文字
1315,prior,より前の
1316,subsequent,続いて起こる
1317,meanwhile,その間、その一方で
1318,routine,決まりきった仕事、日常の
1319,souvenir,土産、記念品
1320,brick,れんが、積み木
1321,pole,棒、極
1322,mischief,いたずら
1323,superstition,迷信
1324,storage,貯蔵、保管
1325,shelter,避難所、住居
1326,garment,衣類
1327,canal,運河
1328,cabinet,戸棚、内閣
1329,incident,出来事
1330,circumstance,状況、事情
1331,fetch,取って来る
1332,distribute,分配する、分布している
1333,purchase,購入する、購入品
1334,statue,像
1335,sculpture,彫刻
1336,myth,神話
1337,craft,工芸、技術、船
1338,journal,雑誌、日誌
1339,encyclopedia,百科事典
1340,heaven,天国、空
1341,funeral,葬式
1342,soul,魂、人
1343,priest,神父、牧師、聖職者
1344,faith,信仰、信頼
1345,sacred,神聖な
1346,divine,神の
1347,Muslim,イスラム教徒
1348,context,文脈、状況
1349,singular,単数の、比類なき、奇妙な
1350,command,言葉を操る力、命令、集める、見渡せる
1351,instance,例
1352,dialogue,会話、対談
1353,usage,語法
1354,vowel,母音
1355,pronoun,代名詞
1356,accent,訛、アクセント
1357,outline,要点を述べる、輪郭を描く
1358,remote,辺鄙な、遠い
1359,ambition,願望、野望
1360,temper,気性、平静
1361,affection,愛情
1362,enthusiasm,情熱、熱意
1363,rage,激怒、猛威をふるう
1364,incredible,信じられない
1365,chuckle,くすくす笑う
1366,dare,思い切って～する
1367,scream,悲鳴を上げる、悲鳴
1368,soothe,なだめる、やわらげる
1369,tempt,誘惑する
1370,scold,叱る
1371,oppress,圧迫する、虐げる
1372,threaten,脅かす、恐れがある
1373,mourn,嘆く、悼む
1374,sacrifice,犠牲にする、犠牲
1375,curse,災いの元、呪い、呪う
1376,stem,原因である、茎、幹
1377,trigger,きっかけになる、引き金
1378,consequence,結果、重要性
1379,process,過程、加工する、処理する
1380,resort,訴える、行楽地、手段
1381,formula,方法、秘けつ、式
1382,procedure,手続き、手順
1383,extraordinary,並外れた、臨時の
1384,absolute,絶対的な
1385,overwhelming,圧倒的な
1386,altogether,完全に、全部で
1387,entire,すべての
1388,tremendous,すさまじい
1389,sheer,とてつもない、まったくの
1390,partial,部分的な、不公平な、大好きで
1391,barely,かろうじて、ほとんど～ない
1392,approximately,おおよそ、約
1393,frequently,頻繁に
1394,apparently,見たところでは、どうやら～らしい
1395,merely,～にすぎない、単に
1396,nevertheless,それにもかかわらず
1397,somehow,何らかの方法で、どういうわけか
1398,thus,それゆえ、このように
1399,afterward(s),その後、～の後
1400,on behalf of,を代表して、のために
1401,assert,断定する、主張する
1402,defy,逆らう、拒む
1403,condemn,非難する、刑を宣告する、強いる
1404,cite,引き合いに出す、引用する
1405,illustrate,説明する、挿絵を入れる、図解する
1406,refute,論駁する、反論する
1407,sue,訴える
1408,articulate,はっきり述べる、明確に表現できる
1409,version,解釈、～版
1410,advocate,提唱者、支持する
1411,breakthrough,飛躍的進歩、大発見
1412,evolution,進化
1413,innovation,革新
1414,probe,探査機、調査する
1415,fluid,流体、流動的な
1416,particle,粒子、かけら
1417,gravity,重力、重大さ
1418,hypothesis,仮説
1419,specimen,標本、サンプル
1420,microbe,微生物
1421,poison,毒
1422,acid,酸性の、辛辣な
1423,toxic,有害な、有毒な
1424,endeavor,努力、試み、努力する
1425,doom,運命にある
1426,manufacture,製造する、製品
1427,yield,産出する、屈する、産出量
1428,duplicate,複製する、複製品、複製の
1429,assemble,組み立てる、集まる
1430,mold,作る、形成する
1431,coin,作り出す、硬貨
1432,therapy,治療
1433,injection,注射
1434,dose,服用量
1435,sanitation,衛生
1436,germ,細菌
1437,tumor,腫瘍
1438,stroke,卒中、発作
1439,agony,苦痛
1440,plague,疫病、苦しめる
1441,fatigue,疲労
1442,diagnosis,診断
1443,mortality,死亡率、死すべき運命
1444,nursing,看護
1445,chronic,慢性の
1446,immune,免疫の
1447,terminal,末期の、終着駅
1448,sound,健全な、堅実な
1449,respiratory,呼吸の
1450,choke,息が詰まる、窒息させる
1451,paralyze,麻痺させる
1452,prescribe,処方する、指示する
1453,digest,消化する、理解する、要約
1454,weary,疲れている、うんざりしている
1455,nourish,栄養を与える、抱く
1456,appalling,ぞっとするような
1457,flesh,肉
1458,limb,手足
1459,erect,直立した、建てる
1460,spinal,脊椎の
1461,suck,吸う
1462,shrug,肩をすくめる
1463,compensate,補償する
1464,abuse,虐待、乱用、悪用する
1465,bias,偏見
1466,prestige,名声、威信
1467,privilege,特権
1468,feat,偉業
1469,dignity,威厳
1470,virtue,美徳、長所、～のために
1471,aristocracy,貴族
1472,rebel,反逆者、反逆する
1473,scheme,計画、陰謀
1474,convention,会議、大会、慣習、条約
1475,conference,会議
1476,consent,合意、合意する
1477,initiative,新構想、主導権
1478,province,州、省、地方
1479,colony,植民地、群落
1480,frontier,辺境、国境、最前線
1481,treaty,条約
1482,tribe,部族
1483,pension,年金
1484,stake,利害関係、危険、賭け金
1485,coverage,報道、補償
1486,obligation,責務、恩義
1487,hygiene,衛生
1488,supervisor,監督者
1489,norm,普通のこと、規範
1490,patent,特許、特許をとる、明白な
1491,primitive,原始的な
1492,ethnic,民族の
1493,anonymous,匿名の
1494,metropolitan,大都市の
1495,entitled,権利がある、～と題された
1496,demographic,人口統計上の、年齢層
1497,donate,寄付する、提供する
1498,flourish,栄える
1499,conform,合わせる
1500,comply,従う、遵守する
1501,legislation,法律
1502,testimony,証言
1503,jury,陪審
1504,legitimate,正当な、合法の
1505,enforce,施行する、強制する
1506,regime,政権、政治体制
1507,bureaucracy,官僚制度、官僚
1508,corruption,腐敗、汚職
1509,tyranny,圧政、暴虐
1510,sanction,制裁、認可
1511,candidate,候補者、～になりそうな人
1512,senator,上院議員
1513,ambassador,大使
1514,diplomat,外交官
1515,refugee,難難民
1516,ally,同盟国、提携する
1517,reign,統治、君臨する
1518,federal,連邦の
1519,communist,共産主義の、共産主義者
1520,municipal,市の、地方自治の
1521,estate,財産、地所
1522,asset,財産、資産
1523,revenue,歳入、収益
1524,deficit,赤字
1525,commerce,商業
1526,output,生産高、出力
1527,subsidy,補助金
1528,transaction,取り引き
1529,bankrupt,倒産した、破産した
1530,monetary,貨幣の、金銭的な
1531,corporation,企業、法人
1532,enterprise,企業、事業
1533,venture,事業、危険を冒して行く
1534,headquarters,本社、本部
1535,personnel,全職員、人事
1536,entrepreneur,起業家
1537,predecessor,前任者
1538,toil,骨折って働く、骨の折れる仕事
1539,undertake,引き受ける、始める
1540,merge,合併する、合併させる
1541,comprise,～から成る、占める
1542,component,構成要素、成分、部品
1543,framework,枠組、骨組み
1544,prototype,原型、試作品、典型
1545,dimension,側面、次元、寸法、大きさ
1546,margin,余白、差、端
1547,excel,優れている
1548,contradict,矛盾する 反論する
1549,consensus,合意 総意
1550,converse,正反対 正反対の 会話する
1551,inequality,不平等
1552,equivalent,等しい 同等のもの
1553,compatible,適合する 互換性がある
1554,identical,同一の うり二つの
1555,correspond,一致する やりとりをする
1556,random,無作為の でたらめの
1557,warrior,戦士
1558,assault,襲撃 暴行
1559,troop,軍隊
1560,shield,盾 防御物
1561,torture,拷問 拷問にかける
1562,dispute,論争 異議を唱える
1563,combat,戦闘 戦う
1564,tactics,戦術
1565,quarrel,口論する 口論
1566,contend,戦う 主張する
1567,slaughter,虐殺する 殺す
1568,suppress,鎮圧する 抑える
1569,surrender,降伏する 引き渡す
1570,hostile,敵意のある 厳しい
1571,wreck,残骸 ボロボロの人
1572,toll,犠牲者 通行料 通話料
1573,disrupt,かき乱す
1574,interfere,邪魔する 干渉する
1575,confront,立ちふさがる 直面する
1576,explode,爆発する 増加する
1577,collide,衝突する
1578,nephew,甥
1579,infant,幼児
1580,spouse,配偶者
1581,heir,相続人 後継者
1582,folk,人々 民間の
1583,peer,同等の人 じっと見る
1584,recipient,受け取る人 被移植者
1585,navigate,進路を決める 克服して進む
1586,flee,逃亡する
1587,retreat,退く 撤退
1588,crawl,這って進む
1589,hover,空中にとどまる さまよう
1590,drift,漂う
1591,alter,変える
1592,convert,転換する 改宗させる
1593,overtake,追い越す
1594,dispatch,派遣する 送る
1595,shrink,縮む 減らす
1596,wither,しおれる しぼむ
1597,descend,降下する
1598,accelerate,加速する
1599,fluctuate,変動する
1600,distort,歪める
1601,crack,割れる 砕く 割れ目
1602,transition,移り変わり 推移
1603,game-changer,革命的なこと
1604,reinforce,補強する
1605,foster,育成する 里親になる
1606,breakdown,崩壊 故障 衰弱
1607,collapse,崩壊する 倒れる
1608,render,にする 与える
1609,impair,低下させる 損なう
1610,undermine,弱める 揺るがす
1611,cope,対処する
1612,tackle,取り組む
1613,demolish,取り壊す
1614,confine,閉じ込める 制限する
1615,designate,指定する
1616,regulate,規制する 調整する
1617,refrain,控える
1618,prohibit,禁じる
1619,halt,止める 停止
1620,constraint,制約
1621,stimulate,刺激する
1622,animate,活気づける アニメ化する
1623,spur,駆り立てる 刺激
1624,urge,せき立てる 衝動
1625,compel,強制する
1626,blur,ぼやかす ぼやける
1627,divert,方向を変える そらす
1628,reverse,逆転する 逆の
1629,overshadow,影を薄くさせる
1630,worsen,悪化させる
1631,jeopardize,危険にさらす
1632,supplement,補う 補充 付録
1633,pose,もたらす
1634,induce,引き起こす 説得する
1635,betray,裏切る 漏らす
1636,bully,いじめる いじめっ子
1637,disregard,無視する
1638,squeeze,搾る 強く押す
1639,rub,こする こすりつける
1640,smash,粉砕する
1641,insert,差し込む 書き込む
1642,detach,切り離す
1643,withdraw,引っ込める 引き出す 退く
1644,compile,まとめる 編纂する
1645,browse,拾い読みする
1646,manipulate,操作する
1647,implement,実行する 道具
1648,execute,遂行する 処刑する
1649,host,主催する 多くの 宿主
1650,mount,据え付ける 乗る 増加する
1651,discharge,排出する 解放する
1652,drain,水を抜く 流出する
1653,soak,浸す 吸収する
1654,dip,つける 下げる
1655,suspend,吊るす 中断する 停職にする
1656,extract,取り出す 抽出したもの
1657,slap,平手打ちする
1658,embrace,抱擁する 受け入れる
1659,embark,着手する 乗り込む
1660,intervene,介入する
1661,penetrate,入り込む 貫通する
1662,intrude,立ち入る
1663,utilize,利用する
1664,embed,埋め込む
1665,allocate,割り当てる
1666,coordinate,調整する
1667,blink,まばたきする
1668,spin,ぐるぐる回る 回す 紡ぐ
1669,rotate,回転する 回転させる
1670,scramble,急いで動く
1671,vanish,消える
1672,snap,折れる 鳴らす
1673,rattle,ガタガタ鳴る 鳴らす ガラガラ
1674,cease,しなくなる
1675,haste,急ぐこと
1676,conceal,隠す
1677,disguise,隠す 変装する 変装
1678,deceive,だます
1679,neglect,怠る 放置する 世話をしない
1680,evacuate,避難させる
1681,coincide,同時に起きる 一致する
1682,prevail,普及している 優勢となる
1683,sustain,維持する 支える
1684,linger,残る 長居する
1685,revive,生き返る よみがえらせる
1686,resume,再開する 履歴書 レジュメ
1687,outbreak,発生 勃発
1688,inspect,検査する
1689,expedition,探検 遠征 探検隊
1690,enroll,入学する 在籍している
1691,discipline,躾ける 規律 学問分野
1692,tuition,授業料 授業
1693,ethic,倫理 倫理観
1694,psychology,心理学 心理
1695,astronomy,天文学
1696,archaeologist,考古学者
1697,thesis,論文 テーマ
1698,dormitory,寮
1699,grasp,理解する つかむ
1700,anticipate,予想する 期待する
1701,foresee,予知する
1702,infer,推測する
1703,deduce,推定する
1704,deem,だと思う
1705,ponder,熟考する
1706,assure,保証する 確信させる
1707,assess,評価する 査定する
1708,concede,認める
1709,compromise,妥協する 主義を曲げる 妥協
1710,comprehend,理解する
1711,reconcile,調和させる 受け入れる
1712,instill,教える 植え付ける
1713,alert,油断のない 警告
1714,cognitive,認知の
1715,intuition,直観
1716,vow,誓い 誓う
1717,nightmare,悪夢 悪夢のようなこと
1718,stereotype,固定観念
1719,illusion,幻想
1720,criterion,基準
1721,ideology,思想 イデオロギー
1722,tolerate,大目に見る 我慢する
1723,overlook,見落とす 見逃す 見渡す
1724,conceive,思い浮かべる 妊娠する 想像する
1725,misunderstand,誤解している
1726,keen,鋭い 熱中して
1727,subjective,主観的な
1728,compulsory,義務的な 規定の
1729,relieve,取り除く 安心させる
1730,trim,刈り込む こぎれいな
1731,disposal,処分 自由にする
1732,scent,香り 臭い
1733,grain,穀物 粒 少量
1734,wheat,小麦
1735,deforestation,森林伐採
1736,drought,干ばつ
1737,irrigation,灌漑
1738,spectacle,光景 見せ物
1739,altitude,標高 高度
1740,catastrophe,大災害 災難
1741,wilderness,荒野 野原
1742,decay,腐敗 腐敗する 衰える
1743,erosion,侵食
1744,flame,炎
1745,galaxy,銀河
1746,chill,寒気 冷やす
1747,thermal,熱の
1748,fertile,肥沃な 肥えた
1749,fossil,化石化した 化石
1750,exploit,利用する 搾取する
1751,contaminate,汚染する
1752,erupt,噴火する
1753,roar,ほえる うなり声 轟音
1754,inhabit,生息している
1755,nurture,育てる 養育 教育
1756,owl,フクロウ
1757,instinct,本能
1758,prey,餌食 餌食にする
1759,anatomy,解剖学 構造
1760,mammal,哺乳動物 哺乳類
1761,predator,捕食動物 捕食者
1762,hybrid,交配種 雑種 ハイブリッド
1763,skull,頭蓋骨
1764,timber,材木
1765,textile,織物 織物の
1766,fabric,布地 織物 組織 構造
1767,mill,製造工場
1768,weave,織る 編む
1769,competent,有能な
1770,optimistic,楽観的な
1771,patriotic,愛国的な
1772,noble,高潔な 貴族の 貴族
1773,naughty,いたずらな
1774,arrogant,傲慢な
1775,vigorous,精力的な 活発な
1776,humble,控えめな 卑しい 貧しい
1777,eligible,資格のある
1778,courtesy,礼儀正しさ
1779,resilient,回復の早い 回復力のある
1780,inclined,傾向がある したい気持ちだ
1781,haunt,つきまとう 出没する たまり場
1782,intent,没頭した 決心した 意図
1783,indulge,ふける 思いのままにさせる
1784,flaw,傷 欠点
1785,defect,欠陥
1786,trait,特性
1787,analogy,類似点 類推 例え
1788,parallel,類似物 平行の 類似した
1789,indispensable,不可欠な
1790,crucial,重大な
1791,grave,重大な 墓
1792,primary,主な 初期の 原始の
1793,vital,不可欠な きわめて重要な
1794,integral,不可欠な 完全な
1795,profound,深い
1796,grim,厳しい
1797,fierce,激しい どう猛な
1798,harsh,厳しい
1799,acute,深刻な 鋭い 急性の
1800,ambiguous,曖昧な
1801,misleading,誤解を招く 紛らわしい
1802,obscure,ぼやけた わかりにくい 無名の
1803,mature,成熟した 成熟する 熟成する
1804,neat,きちんとした
1805,decent,まともな きちんとした
1806,straightforward,わかりやすい 率直な
1807,sophisticated,高度な 洗練された
1808,elaborate,手の込んだ 詳しく話す
1809,prompt,迅速な 促す
1810,swift,素早い
1811,mighty,強力な
1812,explicit,明確な
1813,authentic,本物の
1814,wit,機知 機知に富んだ人
1815,thrive,好調である 繁栄する 健康に育つ
1816,dim,薄暗い ぼんやりした 暗くする
1817,gloomy,薄暗い 陰気な 悲観的な
1818,barren,不毛な
1819,idle,何もしていない 怠惰な 何もしないでいる
1820,adverse,不都合な 悪い
1821,tiresome,退屈な うんざりする
1822,clumsy,無器用な
1823,foul,不快な 違反
1824,shabby,みすぼらしい おんぼろの
1825,outrageous,常軌を逸した 奇想天外な
1826,absurd,ばかげた
1827,fragile,壊れやすい もろい
1828,vulnerable,傷つきやすい 弱い かかりやすい
1829,static,静的な 変化のない 活気のない
1830,innate,先天的な 生まれつきの
1831,exotic,外来の 異国情緒のある
1832,tame,飼い慣らされた 従順な 飼い慣らす
1833,manifest,明らかな 明らかにする
1834,dense,密集した 濃い
1835,transparent,透明な
1836,consistent,矛盾のない 一致している 安定した
1837,coherent,一貫している
1838,universal,普遍的な
1839,underlying,根底にある
1840,spontaneous,自然発生的な
1841,mock,模擬の まねる あざける
1842,collective,集団の 共同の
1843,vertical,垂直の 縦の
1844,ongoing,進行中の 継続中の
1845,tender,柔らかい 優しい 弱い
1846,upright,直立して 直立した
1847,ease,簡単さ 和らげる 楽にする
1848,rust,さび さびる
1849,stain,シミ 汚れ 汚す
1850,rag,ぼろ切れ
1851,texture,感触 手触り
1852,preliminary,予備的な 事前の 予選
1853,mandatory,義務的な
1854,indigenous,固有の
1855,respective,それぞれの
1856,multiply,増やす 掛ける 増える
1857,soar,急上昇する 舞い上がる
1858,diminish,減少する
1859,accumulate,蓄積する
1860,exceed,越える
1861,abundant,豊富な
1862,ample,豊富な
1863,gross,総計の ひどい
1864,infinite,無限の
1865,sole,唯一の 足の裏 靴底
1866,heap,山 たくさんの
1867,fraction,少量 分数 端数
1868,simultaneous,同時の
1869,medieval,中世の
1870,dawn,夜明け わかり始める
1871,span,期間
1872,adolescent,思春期の若者 思春期の
1873,millennium,1000年間
1874,expire,期限が切れる
1875,postpone,延期する
1876,periodically,定期的に 周期的に
1877,array,さまざまな 多彩な
1878,realm,領域 領土
1879,domain,領域
1880,boundary,境界 境界線
1881,spectrum,範囲 スペクトル
1882,equip,装備させる 備え付ける 身につけさせる
1883,transmit,送る 伝える うつす
1884,endow,授ける
1885,inherit,受け継ぐ
1886,retrieve,回収する 取り戻す 検索する
1887,displace,取って代わる 追い出す
1888,bond,きずな 公債 社債
1889,hospitality,もてなし 歓迎
1890,certificate,証明書 免許状 鑑定書
1891,brochure,パンフレット
1892,outlet,コンセント 販売店 はけ口
1893,accommodation,宿泊施設
1894,haven,避難所 保護区
1895,venue,開催地 会場
1896,intersection,交差点
1897,pavement,歩道
1898,pedestrian,歩行者
1899,excursion,小旅行 遠足
1900,shipping,発送
1901,thread,糸 糸を通す
1902,ornament,飾り 置物
1903,cosmetic,化粧品 美容の
1904,chamber,部屋 会議所 議院
1905,commodity,商品 有用なもの
1906,dwell,住む くどくど考える
1907,acoustic,音響の アコースティックの
1908,recipe,レシピ 調理法 秘訣 原因
1909,intake,摂取 摂取量
1910,precede,先行する
1911,phase,段階 位相
1912,priority,優先 優先事項
1913,premise,前提 敷地
1914,tomb,墓 古墳
1915,legend,伝説 言い伝え 伝説的人物
1916,masterpiece,傑作
1917,ritual,儀式 儀式の
1918,worship,崇拝 礼拝 崇拝する お参りする
1919,doctrine,教義
1920,legacy,遺産
1921,sin,罪
1922,swear,誓う 罵る
1923,confess,白状する 認める
1924,carve,彫る 刻む
1925,murmur,つぶやく
1926,verbal,言葉による
1927,oral,口述の 口の
1928,eloquent,雄弁な
1929,linguistic,言語の 言語学の
1930,metaphor,隠喩 比喩
1931,prose,散文
1932,narrative,語り 物語
1933,plot,筋 悪だくみ 陰謀
1934,draft,下書き 草稿 徴兵する 生の
1935,manuscript,原稿 写本
1936,paradox,逆説
1937,slang,俗語
1938,riddle,なぞなぞ 謎
1939,exhibit,展示する 示す 展示物
1940,portray,描く
1941,depict,描く
1942,landmark,目印 名所 画期的な出来事
1943,tease,からかう 冷やかす
1944,delight,喜ばせる 喜び
1945,astonish,驚かせる
1946,dread,恐れる 恐怖
1947,attribute,のせいだとする 特性 属性
1948,console,慰める
1949,arouse,呼び起こす
1950,distract,そらす 気を紛らす
1951,startle,驚かせる
1952,thrill,ぞくぞくさせる スリル
1953,humiliate,恥をかかせる
1954,adore,熱愛している
1955,utter,発する まったくの
1956,exclaim,叫ぶ
1957,shed,流す 光を当てる 取り除く 脱ぐ
1958,resent,憤慨する
1959,plead,懇願する 申し立てる
1960,yearn,切望する
1961,long,切望する
1962,immerse,没頭させる
1963,bewilder,当惑させる
1964,despise,軽蔑する
1965,willing,嫌がらずにする
1966,furious,激怒した
1967,intimate,親密な 深い
1968,aesthetic,美的な 審美眼がある
1969,conscience,良心
1970,mercy,慈悲 情け 幸運
1971,compassion,同情 思いやり
1972,impulse,衝動
1973,aspiration,熱望
1974,grief,深い悲しみ
1975,contempt,軽蔑
1976,insult,侮辱 侮辱する
1977,nuisance,迷惑
1978,surge,高まり 急増
1979,incentive,励み
1980,outcome,結果
1981,factor,要因
1982,liable,しがちだ かかりやすい 責任がある
1983,thorough,完全な 徹底的な
1984,adequate,十分な 適切な
1985,overall,全体的な 全体的に
1986,ultimate,究極の 最終の
1987,genuine,心からの 本物の
1988,slight,わずかな
1989,radical,根本的な 抜本的な 過激な
1990,trivial,ささいな
1991,potent,強力な
1992,likewise,同様に
1993,virtually,事実上 ほとんど
1994,abruptly,不意に 突然
1995,deliberately,故意に 慎重に
1996,exclusively,もっぱら 専用で
1997,hence,だから それゆえに
1998,namely,すなわち
1999,allegedly,伝えられるところによると
2000,whereas,だが一方
2001,roam,歩き回る
2002,stroll,散策する
2003,circulate,循環する 循環させる
2004,wane,衰える 欠ける
2005,deteriorate,悪化する
2006,plunge,突っ込む
2007,backfire,裏目に出る
2008,cram,詰め込み勉強をする 詰め込む
2009,speculate,推測する 投機をする
2010,evaporate,蒸発する
2011,vomit,吐く
2012,frown,眉をひそめる 難色を示す
2013,hatch,かえる 孵化する 企てる
2014,cling,固執する しがみつく
2015,adhere,忠実に従う
2016,collaborate,共同して働く
2017,lag,遅れる
2018,cater,料理を提供する 応える
2019,flush,紅潮する 水で流す
2020,ascribe,の原因はにあると主張する
2021,endorse,支持する
2022,disclose,公表する 暴く
2023,improvise,即興で作る
2024,transplant,移植する 移植
2025,encompass,含む
2026,forge,関係を築く 偽造する
2027,entangle,絡まる
2028,entail,を伴う
2029,herald,の先触れをする
2030,surpass,上回る
2031,transcend,を超える
2032,flatter,お世辞を言う
2033,enact,制定する
2034,amend,修正する
2035,kidnap,誘拐する
2036,smuggle,密輸する
2037,convict,有罪判決を下す 受刑者
2038,hinder,妨げる
2039,inflict,を与える
2040,alleviate,軽減する
2041,eradicate,根絶する
2042,expel,追放する 退学処分にする
2043,omit,省く
2044,discard,捨てる
2045,curb,抑制する 縁石
2046,restrain,抑制する
2047,inhibit,抑制する
2048,hamper,妨げる 邪魔をする
2049,lure,誘い込む 魅力 誘惑
2050,reassure,安心させる
2051,dictate,書き取らせる 命令する 規定する
2052,provoke,引き起こす 怒らせる
2053,refine,洗練させる
2054,enlighten,啓蒙する
2055,unleash,爆発させる 束縛を解く
2056,prolong,長引かせる
2057,mitigate,緩和する
2058,grind,挽く
2059,withstand,耐える
2060,exert,働かせる
2061,summon,呼ぶ 召喚する 奮い立たせる
2062,thrust,強く押しつける 突き刺す
2063,pierce,突き刺す 突き通す
2064,harness,利用する
2065,excavate,発掘する
2066,evade,逃れる
2067,embody,具体化する
2068,assimilate,吸収する 同化する
2069,discern,見分ける
2070,scrutinize,詳細に調べる 精査する
2071,streamline,合理化する
2072,mentor,指導する 指導者
2073,contemplate,熟考する
2074,conjecture,推測する
2075,presume,推定する 前提とする
2076,gauge,判断する 評価する
2077,verify,確かめる 検証する
2078,pledge,誓う
2079,dismay,狼狽させる 狼狽
2080,lament,深く悲しむ 嘆く
2081,perplex,困惑させる
2082,disgust,嫌悪を抱かせる 嫌悪
2083,evoke,呼び起こす
2084,harbor,心に抱く 住まわせる
2085,friction,摩擦
2086,mutation,突然変異
2087,heredity,遺伝
2088,synthesis,合成 統合
2089,veterinarian,獣医
2090,epidemic,流行
2091,obesity,肥満
2092,neuron,ニューロン 神経単位
2093,dementia,認知症
2094,diabetes,糖尿病
2095,placebo,偽薬 プラシーボ
2096,malnutrition,栄養失調
2097,dehydration,脱水 脱水症状
2098,abortion,中絶 中絶手術
2099,antibiotic,抗生物質
2100,psychiatry,精神科 精神医学
2101,cardiologist,心臓専門医
2102,kidney,腎臓
2103,posture,姿勢
2104,metabolism,代謝 代謝作用
2105,famine,飢饉
2106,riot,暴動
2107,asylum,亡命
2108,workforce,労働人口 労働力
2109,prefecture,県 府
2110,hierarchy,階層構造
2111,autonomy,自治 自主性
2112,delegation,代表団 使節団
2113,congress,議会 会議
2114,census,国勢調査 公的調査
2115,monarch,君主
2116,monopoly,独占 独占企業
2117,surplus,余剰 黒字
2118,expertise,専門적知識 専門的技術
2119,quota,ノルマ 割り当て
2120,subordinate,部下 下位の
2121,warehouse,倉庫 問屋
2122,peasant,小作農
2123,correlation,相関 相関関係
2124,asymmetry,非対称 不釣り合い
2125,disparity,相違 不均衡
2126,divergence,逸脱 相違 発散
2127,clash,衝突 対立 衝突する
2128,persecution,迫害
2129,genocide,大量虐殺
2130,atrocity,残虐行為
2131,bribe,賄賂
2132,culprit,犯人 元凶
2133,hostage,人質
2134,conspiracy,陰謀
2135,peril,危機
2136,pitfall,落とし穴 隠れた危険
2137,itinerary,旅程 旅程表
2138,upheaval,大変動
2139,commencement,開始 卒業式
2140,threshold,始まり
2141,onset,始まり
2142,momentum,勢い はずみ
2143,deterrent,抑止するもの
2144,geometry,幾何学
2145,anthropologist,人類学者
2146,internship,実務研修 医学研修
2147,paradigm,理論的枠組 パラダイム
2148,altruism,利他主義
2149,claustrophobia,閉所恐怖症
2150,Antarctic,南極 南極地方
2151,latitude,緯度
2152,odor,臭い
2153,meadow,草地 牧草地
2154,calamity,災害
2155,precipitation,降水 降水量 沈殿
2156,meteor,流星 隕石
2157,asteroid,小惑星
2158,eclipse,食
2159,glacier,氷河
2160,peninsula,半島
2161,hemisphere,半球
2162,lump,かたまり しこり ひとかたまりにする
2163,cluster,集団 房
2164,offspring,子 子孫
2165,livestock,家畜
2166,carnivore,肉食動物
2167,vertebrate,脊椎動物 脊椎動物の
2168,primate,霊長類
2169,parasite,寄生虫 寄生動物 寄生植物
2170,cortex,皮質
2171,sibling,兄弟姉妹
2172,extrovert,外交的な人
2173,stigma,汚名
2174,plight,窮状 苦境
2175,turmoil,混乱
2176,fallacy,誤びゅう
2177,loophole,抜け穴
2178,congestion,混雑 充血
2179,vacuum,真空 掃除機をかける
2180,digit,桁
2181,bulk,大半
2182,longevity,長寿 長いこと
2183,detour,回り道
2184,sewage,下水 汚物 汚水
2185,landfill,埋め立て 埋め立て地
2186,appliance,器具
2187,cuisine,料理 料理法
2188,beverage,飲料
2189,staple,必需食料品 主要作物 主要な
2190,scenario,筋書き 事態 科学的モデル
2191,autograph,サイン
2192,archive,記録文書 公文書保管庫
2193,rhetoric,美辞麗句 修辞 修辞的な
2194,connotation,言外の意味 含意
2195,anecdote,逸話 秘話
2196,lord,神 貴族 支配者
2197,saint,聖人 聖
2198,prophet,預言者 予言者
2199,pilgrim,巡礼者
2200,salvation,救済
2201,artifact,人工遺物 出土品
2202,token,しるし 代用硬貨 商品引換券
2203,cue,合図 キュー
2204,quest,探求
2205,melancholy,憂うつ ふさぎ込み
2206,self-esteem,自尊心
2207,empathy,共感 感情移入
2208,precaution,用心 予防策
2209,distress,苦しみ 苦難 苦しめる
2210,apprehension,不安 逮捕
2211,scorn,軽蔑
2212,menace,厄介なもの 脅威
2213,sentiment,感情
2214,verge,瀬戸際 寸前 縁
2215,plausible,もっともらしい
2216,holistic,全体的な 全体論的な
2217,contagious,感染性の
2218,vocal,発声の 遠慮なく意見を述べる
2219,sensory,感覚の
2220,numb,麻痺している 感覚を失った
2221,physiological,生理的な
2222,bilateral,二国間の 双方の
2223,feudal,封建制の
2224,imperial,帝国の
2225,complementary,相補的な
2226,pertinent,関連のある 適切な
2227,intrinsic,固有の 本来備わっている
2228,unprecedented,前例のない 空前の
2229,tentative,仮の 試験的な
2230,drastic,抜本的な 思い切った
2231,ubiquitous,偏在している 至る所にある
2232,pervasive,広く行き渡った
2233,exponential,指数関数的な 急激な
2234,perpetual,絶え間ない 永続する
2235,future-oriented,未来志向の
2236,intact,無傷の
2237,maternal,母の 母親らしい
2238,masculine,男性的な
2239,juvenile,青少年の
2240,intelligible,理解できる
2241,dairy,酪農の
2242,stray,家のない 道に迷った
2243,dormant,休止状態の 眠っている
2244,comprehensive,包括的な
2245,edible,食用の
2246,perishable,腐りやすい
2247,naive,世間知らずの 愚直な
2248,zealous,熱心な
2249,timid,臆病な
2250,delinquent,非行の
2251,sober,酔っていない 真面目な
2252,obstinate,頑固な 強情な
2253,solitary,孤高の ただひとつの
2254,vulgar,品がない 卑わいな
2255,skeptical,懐疑的な
2256,accustomed,慣れている
2257,obsessed,取りつかれて 頭が一杯で
2258,preoccupied,夢中になった 頭がいっぱいで
2259,prone,しがちである
2260,apt,傾向がある
2261,empirical,経験による 実験による
2262,susceptible,影響を受けやすい
2263,pivotal,極めて重要な
2264,fabulous,とても素敵な 莫大な
2265,splendid,素晴らしい
2266,intriguing,興味深い
2267,ingenious,独創的な
2268,affluent,裕福な
2269,renowned,有名な
2270,eminent,著名な 地位が高い
2271,conspicuous,目立つ
2272,adept,熟練した
2273,proficient,熟達した
2274,immense,莫大な 膨大な
2275,unanimous,満場一致の
2276,reckless,無謀な
2277,futile,無駄な
2278,brutal,残忍な
2279,ominous,不吉な
2280,detrimental,有害な
2281,wicked,邪悪な
2282,cynical,冷笑的な
2283,savage,容赦ない どう猛な
2284,arbitrary,独断的な 勝手な
2285,monotonous,単調な
2286,crude,粗末な 加工されていない
2287,extravagant,法外な 金遣いが荒い
2288,obsolete,廃れた
2289,devoid,欠いている
2290,scarce,乏しい
2291,solemn,厳粛な 真面目な
2292,rigid,硬い 厳格な
2293,robust,がっしりした 活発な
2294,tangible,触れられる 明確な
2295,superficial,表面的な
2296,spatial,空間の
2297,hollow,空洞の くぼんだ うわべだけの
2298,homogeneous,均質の 同種の
2299,feasible,実現可能な
2300,viable,実行可能な