1,last,続く、持続する
2,affect,影響を及ぼす、感動させる
3,claim,主張する、要求する
4,ship,出荷する、輸送する
5,issue,問題、発行、発表
6,purchase,購入する
7,occur,起こる、心に浮かぶ
8,deal,処理する、商う、分配する
9,consume,消費する、食べる、飲む
10,present,提示する、進呈する
11,fire,解雇する
12,regard,見なす、見る、評価する
13,fine,罰金を科す
14,transfer,移す、伝える、乗り換える
15,decline,減少する、衰退する、断る
16,eliminate,取り除く
17,indicate,指し示す、述べる
18,ensure,確実にする、守る
19,expand,拡大する、詳説する
20,address,対処する、演説する
21,identify,特定する、同一視する
22,construct,建設する、構成する
23,invest,投資する、与える
24,obtain,得る
25,struggle,闘い、懸命の努力
26,counter,反論する、反対する
27,associate,結び付けて考える、交際する
28,register,記録する、登録する
29,reveal,明らかにする、見せる
30,species,種、種類
31,diet,日常の食べ物、療養食
32,site,用地、場所、サイト
33,cell,細胞、独房、電池
34,facility,施設、設備、機能
35,practice,実践、習慣、練習
36,resident,居住者、滞在者
37,option,選択、選択肢
38,organ,器官、臓器、組織
39,critic,批判する人、批評家
40,region,地域、領域、部位
41,tax,税金
42,access,利用、入手、接近
43,virus,ウイルス、病原体
44,bill,請求書、勘定書、法案
45,evidence,証拠
46,attempt,試みる、企てる
47,account,説明、勘定、口座
48,theory,学説、理論、原理
49,factor,要因、要素
50,stock,在庫品、蓄え、株
51,chemical,化学の、化学的な
52,media,マスメディア
53,income,収入、所得
54,supply,供給する
55,shortage,不足、欠如
56,poverty,貧困、欠乏
57,criminal,犯人、犯罪者
58,budget,予算、経費
59,authority,当局、権威、権限
60,genome,ゲノム
61,atmosphere,大気、雰囲気
62,aid,援助する、助ける
63,measure,措置、程度、基準
64,subject,話題、科目、被験者
65,decade,10年間
66,weapon,兵器、武器
67,nutrient,栄養分
68,expense,経費、費用
69,structure,構造、体系、構造物
70,adolescent,青年
71,procedure,手順、手続き
72,minimum,最小限度
73,fuel,燃料
74,resource,資源、資金、才覚
75,regulation,規則、規制
76,contract,契約、協定
77,insurance,保険、保険料
78,employment,雇用、職
79,ban,禁止する、締め出す
80,vehicle,車、乗り物、伝達手段
81,soil,土地、土壌
82,cargo,積荷、貨物
83,aircraft,航空機、飛行機
84,current,現在の、現代の
85,political,政治の
86,significant,重要な、重大な、意義深い
87,effective,効果的な、有効な
88,military,軍の、軍事の
89,due,予定された、支払期日で
90,essential,必要不可欠な、本質的な
91,illegal,違法の、非合法の
92,immune,免疫を持つ、免れた
93,numerous,非常に数の多い
94,extreme,極端な、極度の
95,general,全体の、一般的な
96,agricultural,農業の
97,overall,総合的な、全体的な
98,additional,追加の、付加的な
99,entire,全体の、全部の
100,severe,厳しい、猛烈な
101,alter,変える、変わる
102,adopt,採用する、養子にする
103,vote,投票、選挙権
104,determine,決定する、正確に知る
105,enable,できるようにする、可能にする
106,conduct,実施する、導く
107,direct,案内する、指揮する
108,absorb,吸収する、併合する、夢中にさせる
109,imply,暗に意味する、伴う
110,operate,操作する、機能する、手術する
111,demonstrate,論証する、デモをする
112,boost,押し上げる、増加させる
113,prove,証明する、判明する
114,monitor,監視する、傍受する
115,defeat,負かす、失敗させる
116,protest,抗議する、主張する
117,target,目標、的
118,preserve,保存する、保持する、保護する
119,oppose,反対する、対抗させる
120,migrate,移住する、渡る
121,analyze,分析する
122,discourage,やる気をなくさせる、落胆させる
123,confirm,確認する、裏づける
124,intend,意図する
125,predict,予言する、予測する
126,extend,伸ばす、伸びる、及ぶ
127,figure,数字、姿、人物、図表
128,transportation,交通機関、輸送
129,institution,機関、協会、施設、制度
130,theft,窃盗
131,candidate,候補、志願者
132,mammal,哺乳動物
133,economist,経済学者
134,protein,たんぱく質
135,immigrant,移住者、移民
136,property,不動産、財産、特性
137,fund,基金、資金
138,habitat,生息地、居住地
139,symptom,症状、兆候
140,eruption,勃発、噴火
141,quantity,量、分量
142,ad,広告
143,saving,節約、預金、蓄え
144,territory,領土、領域
145,threat,脅威、兆し、脅迫
146,sufferer,苦しむ人、被災者、病人
147,emission,排気、放出
148,executive,重役、幹部、経営者
149,strategy,戦略
150,riot,暴動
151,district,地区、行政区
152,election,選挙
153,medication,薬、医薬品、薬物治療
154,breed,繁殖させる、育てる
155,conflict,争い、論争、不一致
156,productivity,生産性
157,organism,有機体、生物
158,representative,代表者、代理人
159,warehouse,倉庫
160,refund,返金、払い戻し
161,tuition,授業料、指導
162,range,範囲、領域
163,victim,犠牲者、被害者
164,dose,服用量、照射量
165,mainland,本土
166,waterfall,滝
167,satellite,人工衛星、衛星
168,evolution,進化、発展
169,prey,獲物、犠牲者
170,bystander,傍観者
171,creature,生き物、動物
172,civilization,文明
173,tribe,部族、仲間
174,permission,許可、承認
175,barrier,障壁、防壁
176,wage,賃金、給料
177,drone,ドローン、無人機
178,appearance,外観、出現
179,embassy,大使館
180,skeleton,骨格、骨組み、概略
181,wildlife,野生生物
182,potential,潜在的な、可能性を秘めた
183,limited,限定された、わずかの
184,rural,田舎の、田園の
185,advanced,進歩した、上級の
186,beneficial,有益な、有利な
187,genetic,遺伝子の
188,radical,急進的な、根本的な
189,hostile,敵意のある
190,fit,健康な、元気な、ふさわしい
191,long-term,長期的な
192,Arctic,北極の
193,minor,重要でない、小さい
194,risky,危険な
195,complex,複雑な、複合体
196,competitive,競争力のある、格安の
197,immediate,即座の、当面の、すぐそばの
198,religious,宗教の、信仰があつい
199,related,関連した、関係のある
200,affordable,手頃な、安価な
201,donate,寄付する、提供する
202,lessen,減らす
203,manufacture,製造する、でっち上げる
204,commute,通勤する、通学する
205,exaggerate,誇張する、強調する
206,suspect,ではないかと思う、疑う
207,acquire,得る、習得する
208,reintroduce,再導入する、復活させる
209,reschedule,日時を変更する
210,adapt,適応する、適合させる
211,generate,生み出す、発生させる
212,guarantee,保証する
213,dump,投棄する、どさっと落とす
214,update,最新のものにする、アップデートする
215,classify,分類する、機密扱いにする
216,acknowledge,認める、謝意を表す
217,enforce,施行する、実施する、強制する
218,renew,更新する、再生する
219,overlook,見落とす、大目に見る、見渡す
220,evaluate,評価する、査定する
221,commit,献身する、罪を犯す、投入する
222,argument,議論、口論
223,archaeologist,考古学者
224,reputation,評判、名声
225,fossil,化石、時代遅れのもの
226,status,地位、状態
227,contrast,対照
228,workplace,職場
229,equality,平等
230,colleague,同僚
231,assistance,援助、支援
232,luxury,ぜいたく、豪華な
233,outbreak,発生、勃発
234,council,議会、評議会
235,pottery,陶器類、焼き物類
236,assignment,任務、宿題、割り当て
237,particle,粒子、ほんのわずか
238,radiation,放射能、放射線
239,priority,優先、優先事項
240,content,内容、中身、コンテンツ
241,destination,目的地、行き先
242,mine,鉱山、地雷
243,injury,傷害、けが
244,lottery,宝くじ、抽選
245,feature,特徴、特集記事
246,labor,労働、労働力
247,diabetes,糖尿病
248,bulb,電球、球根
249,résumé,履歴書、要約
250,mud,ぬかるみ、泥
251,psychology,心理学、心理状態
252,corporation,大企業、法人
253,ecosystem,生態系
254,promotion,昇進、促進、販売促進
255,administration,管理部、行政、政府
256,complaint,苦情、不平
257,debt,借金、負債、恩義
258,requirement,必要条件、必需品
259,workforce,労働人口、全従業員
260,preference,好み
261,refugee,難民、亡命者
262,inhabitant,居住者、住民
263,subscription,予約購読、寄付
264,recipient,受け取る人、被提供者
265,shift,変える、移す、移動する
266,vessel,船舶、容器、脈管
267,ingredient,材料、成分、要因
268,qualified,有能な、資格のある、適任の
269,widespread,広範囲にわたる、普及した
270,alternative,代替の
271,harsh,厳しい、不快な
272,enormous,莫大な、巨大な
273,specific,明確な、特定の
274,artificial,人工の、不自然な
275,toxic,有毒な、中毒性の
276,flexible,融通の利く、柔軟な
277,latest,最新の、最近の
278,former,以前の、元の
279,capable,能力がある、有能な
280,practical,実践的な、実際的な
281,mechanical,機械の、機械的な
282,federal,連邦政府の
283,aggressive,攻撃的な、意欲的な
284,adequate,十分な、適切な
285,unexpected,思いがけない、不意の
286,attractive,魅力的な
287,sufficient,十分な
288,costly,費用のかかる、高価な、犠牲の大きな
289,eventually,ついに、結局
290,otherwise,そうでなければ
291,previously,以前に
292,relatively,比較的、相対的に
293,consequently,その結果、従って
294,constantly,絶えず、常に
295,typically,通常、概して、典型的に
296,barely,かろうじて、ほとんどない
297,despite,にもかかわらず
298,per,につき、ごとに
299,beneath,の下に
300,whereas,するのに対し、する一方
301,post,投稿する、張る
302,reject,拒否する
303,consult,相談する、参照する
304,obey,従う、服従する
305,engage,従事させる、雇う、従事する
306,restore,回復させる、修復する
307,colonize,植民地化する、入植させる
308,interact,影響し合う、相互に作用する
309,inspire,奮起させる、喚起する
310,sue,告訴する、訴訟を起こす
311,estimate,推定する、見積もる
312,strengthen,強くする
313,carve,彫る、切り開く、切り分ける
314,convince,納得させる、確信させる
315,propose,提案する、もくろむ、プロポーズする
316,blame,責める、責任を負わせる
317,collapse,崩壊する、倒れる、折り畳む
318,import,輸入する、取り込む
319,load,積む、負わせる
320,pollute,汚染する
321,spot,場所、斑点、しみ
322,prescription,処方箋、処方
323,duty,義務、職務、関税
324,union,組合、統合、団結
325,concept,概念
326,root,根本、源、根
327,survival,生き残ること、生き延びること
328,maintenance,保守、整備、維持
329,formation,形成、構成、隊列
330,educator,教育者、教師
331,kidney,腎臓
332,nutrition,栄養
333,brand,ブランド、銘柄
334,storage,保管、貯蔵、収容力
335,firm,確固たる、安定した
336,statistics,統計、統計学
337,toll,損害、死傷者数、通行料
338,tip,助言、秘訣、チップ、先端
339,CEO,最高経営責任者
340,circumstance,状況、事情、境遇
341,outsider,部外者、門外漢
342,reduction,減少、削減
343,settlement,開拓地、解決、合意
344,divorce,離婚、分離
345,likelihood,可能性、見込み
346,livestock,家畜
347,possession,所有物、財産、所有
348,plot,筋、陰謀
349,category,部類、区分、範疇
350,welfare,福祉、幸福
351,moisture,水分、湿気
352,obesity,肥満
353,grant,与える、認める
354,layer,層
355,secretary,秘書
356,anxiety,不安、心配
357,ownership,所有権、所有者であること
358,foundation,基礎、基盤
359,division,不和、分割、部門
360,establishment,設立、制定、組織
361,conservation,保護、保存
362,murder,殺人
363,presence,存在、出席、面前
364,paradox,逆説、矛盾
365,prisoner,囚人
366,surgeon,外科医
367,frequency,頻度
368,port,港
369,reception,反応、宴会、受付、受信
370,coworker,同僚、仕事仲間
371,rust,さび
372,athletics,スポーツ、運動競技
373,voyage,旅、船旅
374,ecologist,生態学者、環境保護論者
375,soul,精神、魂、生気
376,isolated,孤立した、孤独な
377,biased,偏った、偏見を持った
378,multiple,多様な、種々雑多な
379,critical,批判的な、重大な
380,remote,遠く離れた、かけ離れた
381,encouraging,勇気づける、望みを持たせる
382,underground,地下の、秘密の
383,stable,安定した、動じない
384,domestic,家庭の、国内の、飼いならされた
385,shallow,浅い、浅薄な
386,willing,することをいとわない
387,superior,よりすぐれた
388,profitable,利益になる、有益な
389,solid,しっかりした、硬い、固体の
390,tremendous,途方もない、莫大な、すばらしい
391,intellectual,知的な、知性の
392,chief,主な、最高位の
393,steady,着実な、一定の、安定した
394,evil,邪悪な、有害な
395,coastal,沿岸の
396,dairy,乳製品、乳製品加工所
397,digestive,消化の
398,loyal,忠実な、誠実な
399,sensory,感覚の
400,fancy,好み、空想、思いつき
401,spoil,台無しにする、甘やかす
402,stimulate,刺激する
403,distract,注意をそらす
404,bargain,買い得品、取引、契約
405,emerge,明らかになる、現れる
406,browse,拾い読みする、閲覧する
407,define,定義する、明確に示す
408,adjust,調整する、適合させる、順応する
409,deserve,に値する
410,undergo,経験する、手術を受ける、耐える
411,contradict,矛盾する、反対意見を言う
412,withdraw,引き出す、撤回する、撤退する
413,accompany,同行する、付随する
414,infect,感染させる、汚染する
415,rebel,反逆者
416,convert,変える、改宗させる、交換する
417,calculate,計算する、予測する
418,utilize,利用する
419,admit,認めると、中に入れる
420,punish,罰する、損傷を与える
421,approve,賛成する、承認する
422,owe,借りがある、おかげである
423,proceed,進む、進行する、続行する
424,navigate,誘導する、操縦する、航行する
425,postpone,延期する
426,swallow,飲み込む、うのみにする、耐える
427,tailor,合わせて作る
428,overhear,偶然耳にする
429,consequence,結果、重要さ
430,application,申請書、申し込み、適用
431,workout,運動、練習
432,obstacle,障害、障害物
433,treaty,条約、協定
434,deforestation,森林伐採
435,infrastructure,基本的施設、経済基盤
436,contribution,貢献、寄付
437,congestion,混雑
438,exposure,身をさらすこと、暴露
439,blow,強打、打撃、災難
440,participation,参加
441,crisis,危機、難局
442,ancestor,先祖、祖先
443,architect,建築家、設計者
444,existence,存在、生存
445,deposit,置く、預ける、堆積させる
446,finance,金融、財政
447,awareness,認識、意識
448,intake,摂取量、受け入れ数、取り入れること
449,witness,目撃者、証人、証言
450,coverage,報道、補償範囲、適用範囲
451,lawsuit,訴訟
452,session,集まり、会期、議会
453,means,手段、資力、収入
454,pioneer,先駆者、草分け、開拓者
455,satisfaction,満足
456,basis,根拠、基礎
457,element,要素、成分
458,phenomenon,現象、事象
459,scale,規模、程度
460,journal,専門雑誌、新聞
461,grain,穀物、粒、きめ
462,continent,大陸
463,headquarters,本社、本部
464,globalization,国際化
465,brochure,パンフレット、小冊子
466,inspection,検査、点検
467,attendance,出席者数、出席
468,copper,銅
469,dozen,12個、1ダース
470,flu,インフルエンザ
471,burial,埋葬
472,mold,鋳型、性格、かび
473,patch,部分、斑点、貼り薬
474,diagram,図
475,placement,斡旋、配置
476,shame,恥、残念なこと
477,wheelchair,車椅子
478,experienced,熟練した
479,initial,初めの
480,mainstream,主流、大勢
481,appropriate,適切な
482,fake,偽の、見せかけだけの
483,alert,警戒して、敏速な
484,fatal,致命的な、破滅的な
485,nutritious,栄養になる
486,sophisticated,高性能の、精巧な、洗練された
487,automatic,自動の
488,raw,生の、未加工の
489,slight,わずかな、取るに足らない
490,man-made,合成の、人工の
491,aging,高齢化が進む、老朽化している
492,spiritual,精神の、霊的な
493,endangered,絶滅の危機にある
494,sticky,ねばねばの、粘着性の
495,fertile,肥沃な、多産の
496,elsewhere,どこかほかのところへ
497,altogether,完全に
498,strictly,厳格に、厳しく
499,beforehand,前もって、あらかじめ
500,likewise,同様に
501,detect,感知する、見つけ出す
502,combat,戦闘、対立
503,pose,引き起こす、提起する
504,emphasize,強調する、重視する
505,highlight,目立たせる、強調する
506,resist,抵抗する、我慢する
507,exceed,を超える、勝る
508,relocate,移転させる、移動させる
509,disprove,誤りを証明する、反証を挙げる
510,crawl,はう、ゆっくり進む
511,foster,はぐくむ、養育する
512,harass,絶えず悩ます、苦しめる
513,magnify,拡大する、誇張する
514,sneak,こっそり動く
515,stray,はぐれる、道に迷う
516,worsen,悪化させる、悪化する
517,advocate,主張する、擁護する
518,evacuate,避難させる、立ち退く
519,verify,正しさを証明する、確認する
520,abuse,乱用、虐待
521,scatter,まき散らす、分散する
522,endorse,推奨する
523,modify,修正する、緩和する
524,penetrate,浸透する、進出する、貫く
525,conform,順応する、一致する
526,leave,休暇
527,tissue,生物の組織
528,gut,腸、消化管、内臓
529,lightning,雷、稲妻
530,camel,ラクダ、黄褐色
531,antioxidant,抗酸化物質、酸化防止剤
532,disorder,障害、不調、混乱
533,cattle,牛
534,oath,誓い、誓約
535,monument,記念碑、遺跡
536,heating,暖房
537,germ,細菌、病原菌
538,legend,伝説、伝説的な人物
539,auditorium,講堂、公会堂
540,therapy,療法、心理療法
541,heritage,遺産
542,invasion,侵害、侵入
543,instruction,使用書、指示、教育
544,extinction,絶滅、消滅
545,creativity,創造性、独創性
546,plantation,大農園
547,drought,干ばつ、不足
548,wealth,財産、富、豊富
549,reminder,思い出させるもの、記念物
550,inquiry,問い合わせ、質問、調査
551,investigation,調査、研究
552,boundary,境界、限界
553,compartment,区画、部屋
554,substitute,代わりに使う、代理をする
555,hybrid,雑種の、混成の
556,characteristic,特徴
557,routine,決まり切った仕事、手順
558,edge,優勢、刃、端
559,incident,出来事、事件、紛争
560,clue,手がかり、ヒント
561,removal,除去、移動
562,outcome,結果
563,altitude,高度、標高
564,closure,閉鎖
565,compound,悪化させる、合成する、混合する
566,surplus,余剰、過剰、黒字
567,vaccine,ワクチン
568,reference,言及、参照
569,obligation,義務、責任
570,ritual,儀式、習慣的行為
571,mean,意地の悪い、不親切な
572,coral,サンゴの
573,novel,斬新な、目新しい
574,relevant,関係がある、適切な
575,efficient,効率的な、有能な
576,fragile,壊れやすい、虚弱な
577,impressive,印象的な、感動的な
578,offensive,不快な、攻撃的な
579,distinct,明らかに異なる、明瞭な
580,temporary,一時的な
581,arrogant,横柄な、傲慢な
582,spacious,広々とした
583,reasonable,筋の通った、手ごろな
584,substantial,かなりの、重要な、実質的な
585,disabled,障害のある
586,straightforward,単純な、率直な
587,tame,飼いならされた、退屈な
588,mandatory,義務的な、強制的な
589,edible,食用の、食べられる
590,outstanding,際立った、未払いの
591,deadly,致命的な、命にかかわる
592,petty,低級の、心の狭い、取るに足らない
593,definitely,間違いなく、確かに
594,roughly,おおよそ、乱暴に
595,virtually,ほとんど、実質的に
596,apparently,どうやら、聞いたところでは
597,unfairly,不当に、不公平に
598,briefly,少しの間に、簡潔に
599,aside,わきに、別にして
600,legally,法的に、合法的に
601,resort,訴える、頼る
602,submit,提出する、従う
603,originate,由来する、生じる、始まる
604,regret,後悔する、遺憾に思う
605,cooperate,協力する
606,revise,修正する、改訂する
607,restrict,制限する
608,occupy,占める、占領する
609,fade,薄れる、衰える
610,relieve,和らげる、安心する、解放する
611,suppress,抑える、抑圧する
612,starve,飢える、渇望する、飢えさせる
613,scratch,引っかく、取り消す
614,unite,団結する、一体化する
615,grip,握る、とらえる
616,surrender,放棄する、屈する
617,twist,ねじる、ひねる、歪曲する
618,remodel,改装する、改造する
619,triple,3倍になる、3倍にする
620,drown,溺死する、水浸しにする
621,lean,傾く、寄りかかる
622,soak,浸す、ずぶぬれにする
623,hover,空中に止まる
624,interrupt,中断させる、邪魔をする
625,socialize,交際する
626,termite,シロアリ
627,microbe,微生物、細菌
628,beverage,飲み物、飲料
629,paperwork,書類、書類事務
630,descendant,子孫
631,sculpture,彫刻
632,handout,配布物、プリント
633,replacement,交換、交替、代わりの人
634,minister,大臣
635,stream,小川
636,predator,捕食動物、略奪者
637,observer,監視員、観察者
638,commission,手数料、歩合、委員会
639,committee,委員会
640,junk,がらくた、つまらないもの
641,departure,出発
642,description,描写、説明
643,supervisor,監督者、指導教員
644,guidance,指導、案内
645,landscape,眺め、風景、景色
646,crew,乗組員、乗務員
647,drain,流出させる、流れ出る
648,stereotype,固定観念
649,edition,版
650,graphic,図、挿絵
651,pathway,小道、細道
652,reunion,再会、再結合
653,cliff,崖、絶壁
654,coordinator,責任者、取りまとめ役
655,depth,深さ、深み
656,liver,肝臓
657,monopoly,独占
658,usage,用法、語法、習慣
659,chart,図、グラフ
660,expectancy,期待、見込み
661,nowhere,どの場所も〜ない
662,courthouse,裁判所
663,cove,入江、小湾
664,dock,埠頭、波止場、ドック
665,ministry,省
666,inflammation,炎症、点火
667,cholesterol,コレステロール
668,gender,性別、ジェンダー
669,depression,うつ病、不景気
670,stem,茎、幹
671,personnel,職員、社員
672,controversy,論争
673,recognition,分かること、認めること、認識
674,applicant,応募者、志願者
675,anthropologist,人類学者
676,sewage,下水
677,acceptable,受け入れられる、容認できる
678,nuclear,原子力の、核の
679,moral,道徳の、倫理的な
680,marine,海の、船舶の
681,conventional,伝統的な、型にはまった
682,awful,ひどい、嫌な、ものすごい
683,consistent,着実な、安定した、首尾一貫した
684,primitive,原始的な、未開の
685,mature,成熟した、熟した
686,unfamiliar,不慣れな、知られていない
687,impractical,実用的ではない、非現実的な
688,unpredictable,変わりやすい、予測できない
689,misleading,誤解させる、紛らわしい
690,plentiful,豊富な、十分な
691,Mediterranean,地中海の
692,unsafe,安全でない、危険な
693,bare,露出した、裸の
694,feeble,病弱な、弱々しい
695,horrible,実にひどい、ぞっとする
696,scenic,景色の良い
697,supplementary,補足の、追加の
698,nosy,詮索好きな、おせっかいな
699,intermediate,中級の、中間の
700,universal,共通の、全員の、普遍的な
701,capture,捕らえる、捕虜にする
702,arise,起こる、出現する
703,implement,実行する、実施する
704,reproduce,複製する、繁殖させる
705,seize,つかむ、奪い取る、没収する
706,dominate,支配する、優勢である
707,complicate,複雑にする
708,scan,走査する、ざっと見る、注意深く調べる
709,negotiate,交渉する、取り決める
710,illustrate,説明する、例示する
711,encounter,遭遇する
712,confine,限定する、閉じ込められる
713,transmit,伝える、送る
714,administer,管理する、経営する、治める
715,ease,和らげる、緩和する
716,resume,再開する、取り戻す
717,pursue,追跡する、追求する
718,decay,腐敗する、衰える
719,shrink,縮む、縮小する、ひるむ
720,cherish,大切にする、心に抱く
721,launch,売り出す、開始する、発射する
722,accommodate,収容する、適応させる
723,withstand,に耐える
724,halt,止める、止まる
725,transform,大きく変える
726,transplant,移植する、移住させる
727,retail,小売り
728,abandon,捨てる、放棄する
729,developer,宅地造成業者、開発者
730,circulation,循環、流通、発行部数
731,appliance,器具
732,bond,きずな、債券、契約
733,circuit,周回すること、回路、巡回
734,innovation,技術革新、新機軸
735,infant,幼児、乳児
736,transaction,取引、交流
737,celebrity,有名人、著名人
738,checkup,健康診断、検査
739,makeup,化粧、構成、性質
740,respondent,回答者
741,well-being,健康、幸福
742,flaw,欠点、傷、ひび
743,strain,負担をかける、緊張させる
744,rivalry,ライバル意識、競争
745,publicity,評判、宣伝、周知
746,consent,同意、承諾
747,addiction,依存
748,profession,職業、専門職
749,sacrifice,犠牲、いけにえ
750,nerve,神経、度胸
751,assumption,仮定、想定、思い込み
752,context,文脈、背景、状況
753,era,時代
754,trait,特徴、特色
755,voucher,クーポン券、商品券
756,draft,下書き、為替手形
757,blaze,炎、強い輝き
758,currency,通貨、普及
759,stance,立場、対処の姿勢
760,fluid,流動体、液体
761,dispute,異議を唱える、議論する
762,counterpart,相当する物、人
763,perception,認識、知覚
764,custody,親権、保護、拘留
765,venue,会場、開催地
766,dread,ひどく恐れる
767,incentive,動機、報奨金
768,disgust,むかつかせる、愛想を尽かせる
769,province,州、省、地方
770,proponent,支持者
771,commercial,商業の、営利的な
772,excessive,過度の、法外な
773,vulnerable,弱い、もろい、傷つきやすい
774,protective,保護する、守ろうとする
775,secure,安全な、確かな
776,obvious,明らかな
777,reluctant,気が進まない、嫌がる
778,confident,確信して、自信に満ちた
779,intelligent,知能の高い、利口な
780,barren,不毛の、作物ができない
781,epidemic,流行病、蔓延
782,reliable,信頼できる
783,curious,好奇心の強い、詮索好きな
784,hasty,急ぎの、早まった
785,behavioral,行動の
786,bulky,かさばった、大きい
787,faulty,欠陥のある
788,hectic,やたらと忙しい
789,knowledgeable,よく知っている、物知りの
790,tense,張り詰めた、緊張した
791,intact,損なわれていない、手つかずの
792,comprehensive,包括的な、広範囲にわたる
793,hesitant,ためらいがちな
794,scarce,乏しい、珍しい
795,defensive,防御的な
796,permanently,永遠に、いつも
797,nonetheless,それにもかかわらず
798,primarily,主として、初めに
799,intentionally,故意に、意図的に
800,abruptly,突然に
801,outsource,外注する、業務委託する
802,applaud,拍手する、賞賛する
803,bribe,賄賂
804,replicate,繰り返す、複製する
805,stroll,散歩する、ぶらぶら歩く
806,swell,膨張する、腫れる
807,uphold,支持する、確認する、維持する
808,vomit,吐く、もどす
809,expire,期限が切れる
810,recruit,募る、新人を補充する
811,enhance,高める、増す
812,accumulate,蓄積する、積もる
813,designate,指定する、任命する
814,conceal,隠す、秘密にする
815,disregard,無視する、軽視する
816,accelerate,加速させる、促進する
817,revive,復活させる、復活する
818,enact,制定する、通過させる
819,exert,及ぼす、行使する
820,leak,漏れる、漏らす
821,jail,刑務所、拘置所
822,reform,改革する、改善する
823,declare,宣言する、断言する
824,outline,要点を述べる、輪郭を描く
825,annoy,いらいらさせる、悩ます
826,interfere,干渉する、介入する、邪魔する
827,nest,巣
828,founder,創設者
829,biologist,生物学者
830,arrangement,準備、配置、取り決め
831,landfill,ごみ埋め立て地
832,trunk,幹、鼻、トランク
833,principle,主義、信条、原則
834,series,連続、一続き
835,independence,独立、自立
836,exploration,探検、調査
837,justice,正義、公正、司法、裁判
838,humanity,人類
839,involvement,関与、巻き込まれること
840,accounting,経理、会計
841,discrimination,差別、区別
842,inequality,不平等
843,master,修士
844,millennium,千年間、千年紀
845,refusal,拒否、拒絶
846,wound,傷、痛手
847,absence,不在、欠席
848,distribution,分配、配給
849,wilderness,荒野、放置された部分
850,concentration,濃度、集中、専念
851,craft,工芸品、作業
852,crust,地殻、パンの耳
853,basement,地階、地下室
854,janitor,用務員、管理人
855,prejudice,偏見、先入観
856,prosperity,繁栄、繁盛
857,robbery,強盗
858,warranty,保証、保証書
859,appetite,食欲、欲求
860,bullet,銃弾
861,preparation,準備、支度
862,citizenship,市民権、公民権
863,stale,堅くなった、陳腐な
864,disadvantaged,恵まれない
865,ongoing,継続している、進行中の
866,sturdy,頑丈な、たくましい
867,unauthorized,権限のない、認可されていない
868,verbal,口頭での、言葉の
869,weary,疲れ果てた、うんざりした
870,equivalent,相当する、同等の
871,intense,極度の、激しい
872,consecutive,連続した
873,noticeable,著しい、目立つ
874,crucial,重大な、決定的な
875,electrical,電気の
876,steep,急な、急激な、法外な
877,civil,民間の、一般市民の
878,supreme,最高位の
879,elite,えり抜きの
880,broad,広い、広範囲な
881,industrial,産業の、工業の
882,allied,連合の、同盟を組んだ
883,external,外部の、対外的な
884,mere,ほんの、単なる
885,latter,後半の、後者の
886,presidential,大統領の、社長の
887,ethical,倫理上の、道徳の
888,realistic,現実的な、実際的な
889,harmless,害のない
890,underlying,潜在的な、根本的な
891,urgent,緊急の
892,complimentary,無料の、賞賛する
893,eager,熱望して、熱心な
894,loudly,大声で、騒々しく
895,accordingly,それ相応に、従って
896,occasionally,ときどき
897,smoothly,順調に、滑らかに
898,frankly,率直に、正直に
899,notably,とりわけ
900,continuously,連続して、継続して
901,compel,強いて〜させる
902,distinguish,区別する
903,heighten,高める、増大させる
904,ruin,台無しにする、駄目にする
905,equip,備えつける
906,export,輸出する
907,glance,ちらりと見る
908,notify,知らせる
909,overdo,使い過ぎる、やり過ぎる
910,pierce,穴を開ける、突き通す
911,overestimate,過大評価する、過大に見積もる
912,raid,手入れを行う、襲撃する
913,recall,思い出す、回収する
914,simplify,簡単にする
915,wrinkle,しわを寄せる、しわを作る
916,conspire,陰謀を企てる、共謀する
917,imitate,まねる、見習う
918,inhale,吸い込む
919,overrate,過大評価される
920,sympathize,同情する
921,glide,滑らかに動く、音もなく移動する
922,kidnap,誘拐する
923,pretend,のつもりになる、ふりをする
924,simmer,ことこと煮える
925,thaw,解凍される、溶ける
926,unfold,開く、明らかにする
927,detain,勾留する、引き留める
928,puncture,パンクさせる、穴をあける
929,strangle,抑圧する、窒息させる
930,hygiene,衛生、健康法
931,oppression,抑圧、虐待
932,collaboration,合作、共同、協力
933,harbor,港、避難所
934,lawn,芝生
935,pedestrian,歩行者
936,racism,人種差別
937,summit,首脳会議、頂上
938,bug,病原菌、虫、欠陥
939,dirt,汚れ、泥、ほこり
940,maternity,妊産婦の、母であること
941,stroke,脳卒中、打つこと、一撃
942,tale,話、物語
943,certainty,確実性、確信
944,imbalance,不均衡
945,incidence,発生率
946,pit,穴、くぼみ
947,texture,感触、質感、本質
948,thumb,親指
949,undergraduate,学部学生
950,wisdom,知恵、賢明さ
951,bride,花嫁、新婦
952,dictator,独裁者
953,signature,署名、特徴
954,testament,あかし、証拠
955,attachment,添付ファイル、添付書類
956,bachelor,独身の男性、学士
957,blister,水ぶくれ
958,blockade,封鎖
959,condo,分譲マンション
960,invoice,明細請求書、納品書
961,leisure,自由な時間、余暇
962,meditation,瞑想、黙想
963,procession,行列、行進
964,unrest,混乱、不安、動揺
965,equator,赤道
966,exhausted,疲れ果てた
967,problematic,問題のある、疑わしい
968,desirable,望ましい
969,geological,地質学上の
970,rash,早まった、軽率な
971,solitary,ひとりの、孤独の
972,uneven,でこぼこな、平でない
973,antique,骨董の、古風な
974,dense,密集した、濃い
975,economical,経済的な、安上がりな
976,fictional,架空の
977,gradual,徐々の、緩やかな
978,intimate,親密な、密接な
979,lengthy,長い、長時間の
980,ultimate,最終の、究極の
981,victorious,勝利を得た
982,witty,機知に富んだ
983,blurry,ぼやけた、不鮮明な
984,exceptional,例外的に優れた、まれな
985,finite,有限の、限られた
986,on-the-job,実地の、職場での
987,vacant,空いている
988,cheery,陽気な、元気な
989,cowardly,卑怯な、臆病な
990,immeasurable,計り知れない、広大な
991,impaired,障害のある、損なわれた
992,impassable,通行できない、克服できない
993,inactive,不活発な、停止中の
994,inconvenient,不便な、不都合な
995,superstitious,迷信深い
996,unpleasant,不愉快な、いやな
997,wicked,悪意のある、意地の悪い
998,ecological,環境の、生態学の
999,imaginary,想像上の、架空の
1000,ripe,熟した、成熟した
1001,disguise,変装させる、偽る
1002,curb,抑制する、制御する
1003,restrain,制止する、規制する
1004,stumble,つまずく、よろけながら歩く
1005,diminish,減らす、減少する
1006,rotate,回転する、循環する
1007,compress,要約する、圧縮する
1008,decode,解読する
1009,offset,相殺する、埋め合わせる
1010,bid,値をつける、挨拶を述べる
1011,burst,破裂する、突然始める
1012,overtake,追い抜く、追いつく、襲う
1013,retain,保持する
1014,litter,散らかす
1015,prohibit,禁止する
1016,discipline,罰する、訓練する
1017,yield,産出する、屈する、譲る
1018,sweep,掃く、一掃する、通過する
1019,dictate,指図する、規定する、書き取らせる
1020,inject,注射する、注入する、導入する
1021,urge,熱心に勧める
1022,mimic,まねる
1023,roam,歩き回る、放浪する
1024,assess,査定する、評価する
1025,boast,自慢する、誇る
1026,drag,引きずる、ぐずぐずする
1027,repay,返済する
1028,overthrow,打倒する
1029,fulfill,果たす、満たす
1030,doom,運命にある
1031,affiliate,提携させる、合併する
1032,assault,暴行する、攻撃する
1033,testimony,証言、証拠
1034,errand,使い、用件
1035,friction,不和、摩擦
1036,coalition,連立、合同
1037,influx,殺到、流入
1038,curse,悪態、ののしり、災い
1039,app,アプリ
1040,visibility,視界、目に見えること
1041,fabric,織物、構造
1042,collision,衝突、対立
1043,dioxide,二酸化物
1044,orbit,軌道
1045,trial,裁判、試験、試み
1046,literacy,知識、技能、読み書き能力
1047,scheme,計画、体系、陰謀
1048,completion,完了、完成
1049,expertise,専門的知識、技術
1050,diploma,卒業証書、証明書
1051,livelihood,生計、生活手段
1052,motive,動機
1053,recession,不況、後退
1054,surrounding,周囲の状況、環境
1055,fortune,財産、幸運、運命
1056,token,しるし、記念品
1057,trace,跡、形跡
1058,venture,危険を冒して進む、思い切ってする
1059,physician,医師、内科医
1060,perspective,観点
1061,physics,物理学
1062,legislation,法律、立法
1063,barn,納屋、家畜小屋
1064,daring,大胆な、勇敢な
1065,transparent,透明な、明快な
1066,tragic,悲惨な、悲劇的な
1067,sinister,邪悪な、不吉な
1068,striking,著しい、目立つ
1069,plural,複数の、複数形の
1070,vital,必要不可欠な
1071,sensitive,敏感な、傷つきやすい
1072,remarkable,注目に値する、著しい
1073,minimal,最小限度の
1074,bankrupt,破産した、破綻している
1075,authentic,本物の、信頼できる
1076,moderate,適度な、穏健な
1077,alien,異質の、外国の
1078,prompt,迅速な
1079,random,無作為の、任意の
1080,decisive,決定的な、断固たる
1081,inevitable,避けられない、必然的な
1082,acid,酸性の、酸っぱい、辛辣な
1083,climatic,気候上の
1084,incredible,信じられない、驚くほどの
1085,precise,正確な、厳格な
1086,invaluable,極めて貴重な
1087,stern,厳しい、いかめしい
1088,indifferent,無関心な
1089,charitable,慈善の、慈悲深い
1090,massive,大量の、大規模な、巨大な
1091,comparable,匹敵する、同様の
1092,irrational,不合理な
1093,cynical,冷笑的な、皮肉な
1094,overly,あまりに、過度に
1095,literally,文字どおり、まさしく
1096,voluntarily,自発的に
1097,technically,厳密に言えば、専門的に
1098,wholly,完全に、全く
1099,approximately,おおよそ、ほぼ
1100,uniquely,比類なく、独特に
1101,bewilder,当惑する
1102,clutch,ぐっとつかむ
1103,discard,捨てる
1104,enlist,入隊する、参加する、支持を得る
1105,heed,注意する
1106,liberate,解放する
1107,overlap,重なる、重複する
1108,reconstruct,再建する、改変する
1109,shriek,悲鳴をあげる
1110,sprain,捻挫する、くじく
1111,resent,憤慨する
1112,thrive,繁栄する、うまくいく
1113,embrace,抱擁する、受け入れる
1114,excel,秀でている、勝る
1115,enroll,登録する、入会する
1116,retrieve,検索する、取り戻す
1117,degrade,面目を失わせる、質を低下させる
1118,reconcile,一致させる、和解させる
1119,contaminate,汚染する、堕落させる
1120,disrupt,混乱させる、分裂させる
1121,divert,そらす、迂回させる、転用する
1122,grumble,不平を述べる
1123,provoke,引き起こす、挑発する
1124,outweigh,より価値がある、より重い
1125,crave,切望する
1126,sustain,持続させる、支える
1127,disclose,公表する、暴く
1128,tempt,気にさせる、引きつける
1129,resign,辞任する、放棄する
1130,dismiss,解雇する、退ける
1131,surpass,上回る
1132,bounce,跳ねる、弾ませる、返送される
1133,bureau,局、事務局、案内所
1134,dependency,依存、従属
1135,discomfort,不快、不便
1136,drawback,欠点、不利な点
1137,feast,祝宴、ごちそう、楽しみ
1138,hydrogen,水素
1139,modernization,近代化
1140,objective,目的、目標
1141,poll,世論調査、投票
1142,ration,割当量
1143,revenue,歳入、収益
1144,scholarship,奨学金、学識
1145,upbringing,養育、しつけ
1146,compliment,賛辞
1147,excerpt,抜粋、引用
1148,faith,信仰、信用
1149,segment,部分、区分
1150,downturn,下降、低下
1151,temper,気質、機嫌、かんしゃく
1152,fragment,断片
1153,intersection,交差点
1154,anarchy,無秩序、無政府状態
1155,breakup,解消、別れ
1156,privilege,特権
1157,exemption,免除
1158,monarch,君主
1159,narrative,話、物語
1160,sensation,感じ、感覚、大騒ぎ
1161,apprentice,見習い、初心者
1162,chore,雑用、家事、いやな仕事
1163,dehydration,脱水症状
1164,questionable,疑わしい
1165,outdated,時代遅れの、旧式の
1166,forthcoming,来るべき
1167,gross,総計の、甚だしい、粗野な
1168,overdue,期限を過ぎた、遅れた
1169,contemporary,現代の、同時代の
1170,drastic,徹底的な、抜本的な
1171,conditional,条件付きの
1172,subjective,主観的な
1173,exotic,外来の、異国風の
1174,intensive,集中的な、徹底的な
1175,obscure,知られていない、不明瞭な
1176,tedious,退屈な
1177,exclusive,高級な、排他的な
1178,decent,まずまずの、きちんとした
1179,considerate,思いやりのある
1180,durable,長持ちする、丈夫な
1181,perpetual,永続的な、ひっきりなしの
1182,proficient,堪能な、熟達した
1183,acoustic,音響の、アコースティックの
1184,biographical,伝記の
1185,botanical,植物の
1186,brutal,残酷な、無情な
1187,commendable,賞賛されるべき、立派な
1188,desperate,絶望的な、必死の
1189,extravagant,浪費する、過度な
1190,filthy,汚い、不潔な
1191,serene,穏やかな、平静な
1192,valid,有効な、理にかなった
1193,inherent,生来の、本来的な
1194,merely,単に、ただの
1195,somehow,何とかして、とにかく
1196,subsequently,その後、続いて
1197,deliberately,故意に、慎重に
1198,gently,優しく、静かに
1199,via,経由で、手段によって
1200,alongside,と一緒に、と並んで
1201,portray,描く、演じる
1202,dispatch,派遣する、発送する、処理する
1203,quote,引用する、述べる
1204,amend,改正する、修正する
1205,betray,裏切る、うっかり表す
1206,wither,しおれる
1207,omit,省略する
1208,fabricate,でっち上げる、組み立てる
1209,violate,違反する、侵害する
1210,allege,主張する
1211,integrate,統合する、融合する
1212,underestimate,過小評価する、少なく見積もる
1213,escort,護衛する、付き添う
1214,facilitate,促進する、容易にする
1215,initiate,新たに始める
1216,convey,伝える、運ぶ
1217,populate,住む、住まわせる
1218,reinforce,補強する、強化する
1219,attain,獲得する、達成する、達する
1220,cheat,カンニングをする、だます
1221,deceive,だます
1222,frustrate,不満を抱かせる、挫折させる
1223,subsidize,補助金を支給する
1224,alternate,代わりの、交互の
1225,dedicate,捧げる
1226,endeavor,努力する、試みる
1227,intrigue,興味を持たせる、陰謀を企てる
1228,soar,急上昇する、高く飛ぶ
1229,tease,からかう、いじめる
1230,confer,授与する、相談する
1231,forbid,禁じる
1232,nod,うなずく、軽く下げる
1233,oblige,義務づける、恩恵を施す
1234,discontent,不満
1235,disposal,処分、売却
1236,exile,亡命、追放
1237,foe,敵
1238,itinerary,旅行日程、旅行計画
1239,persecution,迫害
1240,publication,出版、発行
1241,riddle,なぞなぞ、不可解なこと
1242,sanitation,公衆衛生、下水設備
1243,component,構成部品、要素
1244,quota,割当量、ノルマ
1245,cuisine,料理、料理法
1246,detour,迂回、回り道
1247,inmate,収容者、入院患者
1248,fatigue,疲労
1249,uproar,大騒ぎ、騒動
1250,coincidence,偶然の一致
1251,correspondence,通信、一致
1252,ballot,投票、投票用紙
1253,competence,能力、資格
1254,enterprise,事業、企業
1255,hazard,危険、偶然
1256,explosion,爆発、急激な増加
1257,famine,飢饉、不足
1258,acceptance,受諾、受け取り
1259,leftover,残りもの
1260,apprehension,不安、懸念
1261,wreck,残骸、難破
1262,landmark,目印、画期的な出来事
1263,dweller,居住者
1264,geometry,幾何学
1265,standby,頼りになるもの、交替要員
1266,diversity,多様性
1267,accuracy,正確さ、的確さ
1268,tap,蛇口
1269,brick,れんが
1270,bay,入江、湾
1271,lenient,寛大な
1272,stubborn,頑固な、手に負えない
1273,clumsy,不器用な
1274,perilous,とても危険な
1275,adverse,不都合な、逆の
1276,persistent,執拗な、持続する
1277,outrageous,法外な、けしからぬ
1278,skeptical,懐疑的な
1279,legitimate,合法的な、妥当な
1280,corrupt,堕落させる、買収する
1281,experimental,実験の、試験的な
1282,improper,不適切な、無作法な
1283,spontaneous,自然発生的な、自発的な
1284,unconditional,無条件の、絶対的な
1285,counterfeit,偽造の、偽の
1286,dizzy,めまいがする、当惑した
1287,sustainable,持続できる、維持できる
1288,democratic,民主主義の
1289,conservative,保守的な
1290,fundamental,基本的な、必須の
1291,ambitious,野心的な、大志を抱いた
1292,concrete,具体的な、明確な、コンクリート製
1293,cruel,残酷な
1294,inferior,劣った、劣悪な
1295,ample,十分すぎるほどの、広い
1296,inaccurate,不正確な、誤りのある
1297,inadequate,不十分な、不適当な
1298,inappropriate,ふさわしくない、不適当な
1299,uncertain,はっきり分からない
1300,vague,あいまいな、不明確な
1301,retreat,引っ込む、退く
1302,revolt,暴動を起こす、むかむかさせる
1303,deflect,そらす、方向を変えさせる
1304,demote,降格する
1305,despise,軽蔑する、ひどく嫌う
1306,grasp,理解する、しっかりと握る
1307,summon,呼び出す、召喚する、招集する
1308,expel,追放する、吐き出す
1309,redeem,補う、埋め合わせる
1310,comprise,から成る、構成する
1311,prevail,普及している、支配的である、打ち勝つ
1312,eject,取り出す、追い出す
1313,falsify,偽造する
1314,obstruct,ふさぐ、妨害する
1315,depict,描く
1316,tremble,震える
1317,confess,告白する
1318,stare,じっと見つめる
1319,ache,痛む、うずく
1320,reflect,反映する、反射する、熟考する
1321,assert,主張する
1322,impose,課す、押しつける
1323,interpret,解釈する、通訳する
1324,devote,捧げる、専念する
1325,deteriorate,悪化する
1326,contemplate,熟考する、予想する
1327,delegate,委譲する、代表として派遣する
1328,propel,進ませる、駆り立てる
1329,recede,後退する、退く
1330,scrape,こすり取る、こする
1331,smash,粉砕する、強打する
1332,scold,しかる
1333,amuse,楽しませる
1334,overhaul,総点検する、分解修理する
1335,herd,群
1336,bait,誘惑物、餌
1337,petition,請願、嘆願
1338,ransom,身代金、解放
1339,fragrance,芳香
1340,insight,見識、洞察力
1341,conquest,征服、克服
1342,sincerity,誠実
1343,tariff,関税
1344,sanction,制裁、認可
1345,sphere,領域、球体
1346,outcast,見捨てられた人、浮浪者
1347,affair,事情、事柄、問題
1348,scandal,スキャンダル、不正行為
1349,allergy,アレルギー
1350,destruction,破壊、破滅
1351,peasant,小作人、貧農
1352,burden,負担、重荷
1353,faculty,教授陣、才能、能力
1354,tactics,作戦、戦術
1355,fare,運賃、料金
1356,manner,方法、行儀、作法
1357,correlation,相互関係
1358,weed,雑草
1359,command,命令、自由に使える能力
1360,quarter,4分の1、地区、四半期
1361,availability,入手の可能性、有用性
1362,caution,用心、警告
1363,prevention,予防、防止
1364,reptile,爬虫類
1365,fate,運命、結末
1366,inclination,意向、好み
1367,scorn,軽蔑、侮蔑
1368,contempt,軽蔑、恥辱
1369,domain,分野、領域、ドメイン
1370,pillar,柱、支柱
1371,tender,柔らかい、優しい
1372,awkward,気まずい、ぎこちない
1373,fierce,猛烈な、どう猛な
1374,peculiar,変な、特有の
1375,genuine,本物の
1376,vigorous,精力的な、激しい
1377,gloomy,陰気な、薄暗い
1378,medieval,中世の
1379,subtle,微妙な、かすかな
1380,rigid,厳しい、硬直した
1381,coarse,粗い、粗野な
1382,humble,謙虚な、地位が低い
1383,slack,たるんだ、不活発な
1384,trivial,取るに足らない
1385,mutual,相互の
1386,redundant,不要な、余分な、冗長な
1387,premature,早過ぎる、早まった
1388,attentive,注意深い
1389,integral,不可欠な、必要な
1390,memorable,忘れられない、記憶すべき
1391,persuasive,説得力のある
1392,prevalent,蔓延している、広く行き渡っている
1393,unaware,気づかないで
1394,worthwhile,価値のある
1395,amazing,驚くべき
1396,eligible,適格の、資格のある
1397,vicious,悪意のある、乱暴な
1398,invisible,見えない
1399,invalid,無効な
1400,rotten,腐った、腐敗した
1401,plague,疫病、異常発生
1402,sponsor,資金を提供する、後援する
1403,honor,賞賛する、尊敬する
1404,remark,述べる
1405,incorporate,取り入れる、組み入れる
1406,resolve,解決する、決意する
1407,sway,揺れる、動揺する
1408,inherit,受け継ぐ、相続する
1409,pile,大量に積む、積み重ねる
1410,renovate,改修する、改築する
1411,maximize,最大限にする
1412,uncover,発掘する、明るみに出す
1413,mislead,欺く、誤った考えを持たせる
1414,opt,選ぶ
1415,outnumber,数で勝る
1416,presume,推定する、前提とする、思う
1417,refine,洗練する、精製する
1418,stir,かき回す、揺り動かす
1419,strive,懸命に努力する
1420,thrill,わくわくさせる
1421,tighten,締める、強化する
1422,arouse,引き起こす、目覚めさせる
1423,buzz,ざわつく、どよめく
1424,converge,集まる、集中する
1425,deduct,控除する、減じる
1426,disconnect,接続を切る、断つ
1427,gossip,うわさ話をする
1428,wander,歩き回る、ぶらつく
1429,suck,吸う、しゃぶる
1430,dye,染める
1431,trespass,不法侵入する、侵害する
1432,graze,牧草を食べる
1433,entrust,任せる
1434,peer,同僚、仲間
1435,molecule,分子、微粒子
1436,meantime,その間
1437,merit,価値、長所
1438,prospect,見込み、見通し
1439,chatter,くだらないおしゃべり
1440,funeral,葬式
1441,methodology,方法論
1442,bundle,束、包み
1443,burglar,強盗、泥棒
1444,canyon,峡谷
1445,duration,継続、持続時間
1446,fountain,噴水、源泉
1447,genius,天才、天賦の才
1448,grassland,牧草地、草原
1449,interval,間隔、合間
1450,longevity,長寿、寿命
1451,mode,方法、様式
1452,needle,針、縫い針
1453,organizer,主催者、まとめ役
1454,rehearsal,リハーサル、下げいこ
1455,servant,使用人、召使
1456,sociology,社会学
1457,spectacle,光景、壮観
1458,norm,標準、規範
1459,certificate,証明書、免許状
1460,vice,悪習、悪
1461,knot,結び目
1462,rubber,ゴム
1463,asteroid,小惑星
1464,syndrome,症候群
1465,detention,拘置、留置
1466,distress,苦悩、苦痛
1467,ignition,点火装置、点火
1468,esteem,尊敬、尊重
1469,hospitality,もてなし、歓待
1470,legacy,遺産
1471,sane,健全な、正気の
1472,doubtful,疑わしい
1473,favorable,好意的な、好ましい
1474,generous,気前のよい、寛大な
1475,hollow,空洞の、空虚な
1476,internal,内部の、国内の
1477,interpersonal,対人関係の
1478,staple,必需食品、主要産物
1479,tolerant,寛容な
1480,folk,民間の、民衆の
1481,furious,激怒した、猛烈な
1482,ironic,皮肉な
1483,pale,青白い、淡い
1484,pregnant,妊娠した
1485,rewarding,満足感が得られる
1486,sacred,神聖な、宗教的な
1487,terrific,素晴らしい
1488,abridged,簡約された、短縮された
1489,dull,退屈な、頭が鈍い
1490,faint,かすかな、めまいがする
1491,irresponsible,無責任な
1492,notorious,悪名高い
1493,recurrent,繰り返される、再発する
1494,irresistible,抵抗できない、魅力的な
1495,binding,拘束力のある
1496,dejected,落胆した、元気のない
1497,fictitious,架空の、偽りの
1498,gracious,親切な、丁寧な
1499,upcoming,来るべき、やがて起こる
1500,abundant,豊富な
1501,grind,穀物などをひく
1502,archive,記録文書、アーカイブ
1503,devise,考案する
1504,precede,に先行する
1505,horrify,怖がらせる
1506,lodge,申し出る、預ける、泊める
1507,mediate,調停する、仲裁する
1508,mingle,付き合う、混ざる
1509,perspire,汗をかく
1510,concede,しぶしぶ認める
1511,hinder,妨げる
1512,waver,揺れ動く、迷う
1513,formulate,まとめる、明確に述べる
1514,exhale,吐き出す
1515,rebound,跳ね返る
1516,gratify,喜ばせる、満足させる
1517,pledge,誓う、約束する
1518,fasten,留める、固定する
1519,relay,伝達する、中継する
1520,align,一直線に並べる
1521,ascend,上がる
1522,gaze,じっと見る
1523,adore,大好きである、敬愛する
1524,chill,冷やす、冷える
1525,curve,曲がる
1526,deflate,しぼむ、しぼませる
1527,detach,分離する、取り外す
1528,enclose,同封する、取り囲む
1529,fetch,持ってくる、連れてくる
1530,proclaim,宣言する
1531,forge,偽造する、築く、鍛造する
1532,outburst,爆発
1533,dimension,局面、寸法、次元
1534,swarm,大群
1535,sequel,続編、結果
1536,artifact,人工遺物、工芸品
1537,mercy,慈悲、幸運
1538,successor,後継者、相続人
1539,triumph,勝利、成功
1540,clause,条項、節
1541,analogy,類推、類似
1542,downfall,破滅、転落
1543,fusion,融合、連立
1544,fracture,骨折、割れ目
1545,menace,困りもの、脅威
1546,setback,妨げ、支障
1547,empathy,共感、感情移入
1548,tumble,転倒、暴落
1549,diameter,直径
1550,momentum,勢い、はずみ
1551,troop,軍隊、兵隊
1552,pharmacy,薬局
1553,nightmare,悪夢
1554,slope,坂、斜面
1555,glacier,氷河
1556,grief,深い悲しみ、悲痛
1557,misery,惨めさ、悲惨さ
1558,accent,なまり、方言
1559,ambassador,大使
1560,autopsy,検死
1561,blast,爆発、突風
1562,courtesy,礼儀正しさ、好意
1563,deed,行為、行い
1564,discourse,会話、講演、論説
1565,impulse,衝動
1566,jar,びん、つぼ
1567,sibling,兄弟姉妹
1568,enthusiasm,熱狂、熱中
1569,treasure,宝物、貴重品
1570,horizontal,水平な
1571,indefinite,はっきりしない、不定の
1572,vulgar,下品な、無作法な
1573,resilient,回復力のある、弾力性のある
1574,aquatic,水生の、水の
1575,insistent,強く主張する、執拗な
1576,frantic,大急ぎの、気が狂いそうな
1577,deceptive,人を惑わすような
1578,illogical,筋の通らない、不合理な
1579,elaborate,精巧な、入念な
1580,mellow,円熟した、柔らかい
1581,boundless,無限の
1582,cordial,心温まる、心からの
1583,seasonal,季節の
1584,sour,酸っぱい
1585,swift,素早い
1586,cumulative,累積する
1587,savage,残酷な、凶暴な
1588,admirable,賞賛に値する
1589,informative,有益な、情報を提供する
1590,proportional,釣り合った、比例した
1591,simultaneous,同時に起こる
1592,static,変化のない
1593,uneasy,不安な、落ち着かない
1594,unequal,不平等な
1595,autonomous,自治の、自主的な
1596,bold,大胆な、勇敢な
1597,pessimistic,悲観的な
1598,repetitive,繰り返しの
1599,respiratory,呼吸器に関する
1600,coherent,一貫した、筋の通った
1601,account for,を占める、を説明する
1602,accuse A of B,AをBの罪で告訴する、非難する
1603,act on,に従って行動する、に影響を及ぼす
1604,act out,を身振りで実演する
1605,add up to,合計が〜になる、結局〜ということになる
1606,adhere to,を順守する、に固執する
1607,air out,を換気する、を外気に当てる
1608,all but,ほとんど
1609,allow for,を考慮に入れる、を見込む
1610,answer for,の責任を負う、の罰を受ける
1611,aspire to do,することを熱望する
1612,attribute A to B,AをBのせいと考える
1613,back down,撤回する、敗北を認める
1614,back off,手を引く、撤回する、後退する
1615,back up,を裏付ける、を支援する、コピーを取る
1616,bank on,を当てにする
1617,be committed to,に献身している
1618,be destined to do,する運命である
1619,be free of,がない、免除されている
1620,be obsessed with,に取りつかれている
1621,be subject to,にかかりやすい、を受けやすい
1622,blast off,打ち上げられる、発射される
1623,blow up,かんかんに怒る、爆発する
1624,bounce back,回復する、立ち直る
1625,branch off,話題が変わる、それる
1626,break away from,を断つ、から逃れる
1627,break down,決裂する、失敗する、故障する
1628,break off,を中断する、急にやめる
1629,break out,勃発する、発生する
1630,bring about,を引き起こす、を招く
1631,bring down,を打ち倒す
1632,bring off,をやってのける、を成し遂げる
1633,bring on,をもたらす
1634,bring out,を引き出す、を発揮させる
1635,bump into,にばったり出会う
1636,burn out,を疲れ果てさせる、を燃え尽きさせる
1637,by means of,を用いて、によって
1638,call for,を必要とする、を要求する
1639,call off,を中止する
1640,call on,を訪ねる、に頼む
1641,carry away,無我夢中になる、を持ち去る
1642,carry through,を成し遂げる、を成就させる
1643,catch up on,新しい情報を知る、遅れを取り戻す
1644,check off,にチェックマークをつける
1645,chip in,出し合う
1646,clean out,中をきれいにする、空にする
1647,clear out,片付ける、空にする
1648,clear up,解決する、晴れる、片付ける
1649,close in,包囲する、追ってくる
1650,come after,の後をつける、を追跡する
1651,come before,審議される、出頭する
1652,come down to,要するに〜ということになる
1653,come down with,軽い病気にかかる
1654,come into,の状態になる
1655,come off,結局〜になる、行われる
1656,come through,要求に応える、伝えられる
1657,comply with,規則に従う
1658,contribute to,の一因となる、寄与する、寄付する
1659,cope with,うまく処理する、に対処する
1660,count for,の価値がある
1661,count on,を当てにする
1662,cover for,の代わりを務める
1663,cover up,事実を隠す、秘密にする
1664,crack up,神経が参る、大笑いする
1665,cross out,線を引いて消す
1666,cut back,削減する、縮小する
1667,cut down,減らす
1668,cut in,割り込む、さえぎる
1669,deal in,を商う、に従事する
1670,deprive A of B,AからBを奪う
1671,die down,静まる、衰える
1672,die out,絶滅する
1673,dispose of,を処分する、を捨てる
1674,do away with,を廃止する、を取り除く
1675,drag on,だらだらと長引く
1676,drag out,必要以上に長引かせる
1677,draw on,経験などに頼る、を利用する
1678,draw up,計画を立てる、を作成する
1679,dream up,思いつく、考え出す
1680,drive off,追い払う
1681,drive up,急速に上昇させる
1682,drop back,後退する、順位が下がる
1683,drop out,身を引く、中途退学する
1684,ease into,徐々に慣れる
1685,eat up,使い果たす、食べ尽くす
1686,embark on,乗り出す、着手する
1687,endear A to B,AをBに慕わせる
1688,even up,等しくする、均等にする
1689,face off,対決する
1690,fall away,減少する、弱まる、衰える
1691,fall back on,を当てにする
1692,fall for,乗せられる、引きつけられる
1693,fall off,減少する、低下する
1694,fall on,降りかかる、に当たる
1695,fall through,駄目になる、失敗する
1696,fall under,影響を受ける
1697,feel for,に同情する、を思いやる
1698,figure out,理解する、解決する
1699,fill out,書類に記入する
1700,fire up,始動させる、火をつける
1701,fit into,溶け込む、収まる
1702,fix up,修理する、改装する
1703,for all,にもかかわらず
1704,for the time being,当分の間、さしあたり
1705,force down,を抑える
1706,free up,自由化する、解放する
1707,frown on,難色を示す、不賛成の意を表す
1708,gear up,準備をする
1709,get around,動き回る、うまく避ける
1710,get around to,をする余裕ができる
1711,get away with,をうまくやる
1712,get by,何とかやっていく
1713,get down to,本気で取りかかる
1714,get in on,に参加する、に加わる
1715,get into,に夢中になる、の状態になる
1716,get on with,を続ける、とうまくやっていく
1717,give away,秘密をばらす、ただで与える
1718,give in,降参する、屈する
1719,give off,光やにおいを発する
1720,give A over to B,AをBに預ける、引き渡す
1721,give rise to,の原因となる、を生じさせる
1722,go back on,約束などを破る
1723,go for,を選ぶ
1724,grow into,成長して着られるようになる
1725,grow on,気に入るようになる、身についてくる
1726,grow out of,から脱する、から生じる
1727,hand down,後世に伝える、判決を言い渡す
1728,hand off,を任せる、を引き渡す
1729,hand out,を配る
1730,hang around,ぶらつく、うろつく
1731,hang on,少し待つ
1732,hang up,電話を切る
1733,head off,を阻止する、を回避する
1734,head out,出かける、立ち去る
1735,hold back,を抑えておく
1736,hold off,引き延ばす、延期する
1737,hold out,もちこたえる、差し出す
1738,hold over,続映される、延期する
1739,in a row,連続で
1740,in favor of,に賛成して、を支持して
1741,in response to,に応えて、に応じて
1742,in terms of,の観点から
1743,in the event of,万一〜の場合には
1744,in vain,無駄に、効果なく
1745,jump at,にすぐ飛びつく
1746,keep track of,注意している、跡をたどる
1747,keep up with,遅れずについていく
1748,kick around,あれこれ検討する
1749,kick in,効き始める、機能し始める
1750,kick off,を開始する
1751,kick A out,Aを追い出す、首にする
1752,knock down,取り壊す、解体する、殴り倒す
1753,lay into,厳しく非難する、攻撃する
1754,lay off,一時的に解雇する
1755,leave off,やめる
1756,let alone,まして〜、言うまでもなく
1757,let down,失望させる、期待を裏切る
1758,let out,声を出す、感情を表す
1759,let up,手を緩める、弱まる、やむ
1760,level off,横ばいになる、安定する
1761,lift off,離陸する
1762,live up to,期待に応える、規範に従う
1763,lock in,を固定する、閉じ込める
1764,look down on,を見下す、を軽蔑する
1765,make ends meet,収入内でやりくりする
1766,make do with,あり合わせのもので済ます
1767,make it,間に合う、成功する
1768,make out,を理解する、うまくやる
1769,make over,作り変える、変身させる
1770,mark down,値下げする、書き留める
1771,mark out,区画する、区切る
1772,miss out on,機会を逸する
1773,narrow down,を制限する、狭くする
1774,on a basis,の基準で、の原則で
1775,on behalf of,を代表して、に代わって
1776,on the contrary,それどころか、まるで反対で
1777,on the spot,その場で、即座に
1778,on the verge of,の間際で、寸前で
1779,over the hump,難局を脱して、峠を越して
1780,owing to,のために、の理由で
1781,pack up,持ち物をまとめる、荷造りする
1782,pass for,で通る、と見なされる
1783,pass off A as B,AをBだと偽る
1784,pass A on to B,AをBに伝える、渡す
1785,pass out,気絶する
1786,pay off,全部支払う、報われる
1787,phase out,段階的に廃止する
1788,pick over,念入りに調べて選ぶ
1789,pick through,中をくまなく探す
1790,pile up,どんどんたまる、山積する
1791,pin down,押さえつける、動けなくする
1792,play down,重要でないように見せる
1793,play out,展開する、最後まで演じる
1794,play up,誇張する、強調する
1795,point to,を示す、を指摘する
1796,pull back,後退する、思いとどまる
1797,pull in,引きつける、金を得る
1798,pull off,困難なことをやってのける
1799,pull through,切り抜ける
1800,push for,を要求する、得ようと努める
1801,push through,議案を通す、突き進む
1802,put down,手付金を払う、書き留める
1803,put forth,を発揮する、を提出する
1804,put toward,を提案する
1805,put in,備え付ける、をつぎ込む
1806,put A through,電話をつなぐ
1807,read off,読み上げる
1808,refrain from,するのを控える、やめる
1809,regardless of,にもかかわらず
1810,roll in,たくさんある、どっと集まる
1811,roll up,くるくると巻く、まくり上げる
1812,round off,締めくくる、うまく終える
1813,round up,集める、逮捕する
1814,rule out,を排除する、を除外する
1815,run against,に不利になる
1816,run down,をひく、悪く言う、突き止める
1817,run through,ざっと目を通す
1818,scoop up,抱き上げる、すくい上げる
1819,scratch out,削除する、やっと生計を立てる
1820,see about,検討する、手配する
1821,see A off,Aを見送る
1822,see through,見抜く、最後までやり通す
1823,sell out,裏切る、売り切れる
1824,send for,呼ぶ、に来てもらう
1825,send out for,出前を頼む
1826,set aside,とっておく、わきへどける
1827,set down,書き留める
1828,set in,始まる、起こる
1829,set off,出発する、引き起こす
1830,set out to,に着手する、し始める
1831,set up,準備する、設置する、作る
1832,settle down,くつろぐ、落ち着く、定住する
1833,settle up,精算する、勘定を支払う
1834,shake up,刷新する、動揺させる
1835,show off,見せびらかす
1836,show up,現れる、やってくる
1837,sign up for,に参加する、届けを出す
1838,single out,を選び出す
1839,sink in,十分に理解される
1840,sit back,何もしないでいる、くつろぐ
1841,sit by,傍観する、黙って見ている
1842,sit in,参加する、見学する、代理を務める
1843,skim over,ざっと見る、表面的に扱う
1844,slip by,いつの間にか過ぎる
1845,smooth over,を処理しやすくする
1846,speak for,を代表して意見を述べる
1847,split up,別れる、分裂する
1848,spring from,から生じる、の出である
1849,spring up,急に生まれる、急成長する
1850,stand down,辞任する
1851,stand for,を意味する、を支持する
1852,stand up to,抵抗する、立ち向かう
1853,stay off,を控える、に近づかない
1854,step down,辞任する
1855,stick around,そこらで待つ、帰らずにいる
1856,stick to,を堅持する、やり続ける
1857,stick up for,あくまでも擁護する
1858,stick with,最後までやり抜く
1859,stir in,入れてかき混ぜる
1860,stir up,引き起こす、かき立てる
1861,sum up,要約する
1862,take in,摂取する、理解する、だます
1863,take on,引き受ける
1864,take over,引き継ぐ、買収する、占領する
1865,take up,趣味として始める、取り上げる
1866,talk down to,を見下した調子で話す
1867,talk A into doing,Aを説得して〜させる
1868,talk up,実際以上に面白そうに話す
1869,tear down,取り壊す、解体する
1870,tell on,告げ口する、にこたえる
1871,the other way around,逆に、反対に
1872,throw off,さっと脱ぐ、払いのける
1873,throw up,嘔吐する、吐く
1874,tidy up,片付ける、整理する
1875,tie up,忙しくて身動きできない、縛る
1876,tip over,ひっくり返る、倒れる
1877,touch up,手直しする、修正する
1878,track down,追跡して捕らえる
1879,trip up,つまずかせる、しくじる
1880,try out,試してみる
1881,tune in to,チャンネルを合わせる
1882,tune up,調律する、整備する
1883,turn around,好転させる、向きを変える
1884,turn away,追い払う、入場を断る
1885,turn in,提出する、寝る
1886,turn out,であることがわかる、集まる
1887,turn to,に頼る、に走る、取りかかる
1888,walk off with,盗む、あっさり手に入れる
1889,wander off,はぐれる、脱線する
1890,want for,を欠いている
1891,wash away,洗い流す、洗い去る
1892,wash down,流し込む、洗い流す
1893,watch over,世話をする、見守る
1894,wear off,しだいに弱まる、なくなる
1895,wear out,疲れ果てさせる
1896,weigh on,重くのしかかる、圧迫する
1897,win over,説得する
1898,wipe out,消滅させる、撲滅する
1899,work out,練る、解決する、計算する
1900,wrap up,終える、締めくくる