1,create,を創り出す、を引き起こす
2,increase,増加する、を増やす
3,improve,を向上させる、よくなる
4,mean,を意味する、するつもりである
5,own,を所有している、事実や罪などを認める
6,include,を含む
7,consider,を見なす、について考える
8,allow,を許す、を与える、考慮に入れる
9,suggest,を提案する、を暗示する
10,produce,を生産する、を取り出す
11,decide,を決める、に決着をつける
12,offer,を提供する、申し出る
13,require,を要求する、を必要とする
14,share,を共有する、を分担する
15,store,を保存する、を蓄える
16,tend,傾向がある、を世話する
17,concern,心配している、関係する、に関連する
18,describe,について述べる、を説明する
19,involve,を関与させる、を伴う
20,reduce,を減らす、を変える
21,design,を設計する、を計画する
22,force,に強いる、を強要する
23,limit,を制限する、を規制する
24,bear,に耐える、を負う、を産む、を抱く
25,affect,に影響を及ぼす、を感動させる
26,deal,を処理する、を商う、を分配する
27,avoid,を避ける
28,relate,を関連づける、関連する
29,realize,に気づく、を実現する
30,encourage,を奨励する、を励ます
31,compare,を比較する、をたとえる
32,measure,を測る、を評価する
33,exist,存在する、生存する
34,mark,に印をつける、を示す、に汚れをつける
35,challenge,に異議を唱える、に挑む
36,depend,頼る、～次第である
37,object,反対する、と言って反対する
38,demand,を要求する
39,found,を設立する、を築く
40,complete,を完成させる、仕上げる
41,idea,考え、思いつき、理解、見解、概念
42,accord,一致、合意、協定
43,company,会社、仲間、一緒にいること、一座
44,interest,興味、利子、利害
45,research,研究、調査
46,cause,原因、理由、大義
47,reason,理由、根拠、理性、分別
48,effect,影響、効果、結果
49,influence,影響（力）
50,situation,状況、立場
51,environment,環境
52,skill,技能、熟練
53,matter,事柄、問題、事態、困難、物質
54,view,見解、見方、眺め
55,value,価値、価格、評価、価値観
56,species,種、種類
57,thought,考え、思考
58,knowledge,知識、知っていること、認識
59,memory,記憶（力）、思い出
60,practice,実践、実行、慣習、練習
61,benefit,利益、恩恵、給付金
62,theory,学説、理論、原理、推測
63,issue,問題（点）、発行、発表
64,experiment,実験
65,article,記事、条項、品物
66,focus,焦点、関心の的
67,subject,話題、科目、主題、被験者
68,project,計画、事業、研究計画
69,quality,質、特質
70,role,役割、役
71,term,用語、条件、間柄、学期
72,statement,声明、主張、明細書
73,material,材料、素材、資料、生地
74,evidence,証拠
75,source,源、根源、出所、情報源
76,community,社会、地域社会、地域住民
77,technology,科学技術、応用技術
78,culture,文化、教養、耕作、養殖、培養
79,appropriate,適切な
80,likely,ありそうな
81,possible,可能な、可能性のある
82,individual,個々の、個人の
83,public,公の、公衆の、公開の
84,common,共通の、普通の、一般の
85,certain,確信して、確かな、ある、一定の
86,similar,似ている、類似した、同様の
87,recent,最近の
88,major,主要な、大きい、長調の
89,patient,忍耐強い、勤勉な
90,particular,特定の、特別の、やかましい
91,physical,身体の、物質的な、物理学の
92,various,さまざまな、いくつかの
93,available,手に入る、利用できる、手が空いている
94,native,出生地の、原産の、生得の
95,political,政治（上）の
96,due,予定された、期日で、しかるべき
97,blank,空白の、無表情な、がらんとした
98,ancient,古代の、昔からの
99,correct,正しい、適切な
100,despite,～にもかかわらず
101,notice,に気づく
102,refer,言及する、関連する、参照する
103,approach,に近づく、に取り組む
104,wonder,かなと思う、に驚く
105,imagine,想像する、推測する
106,recognize,を識別できる、を認める
107,solve,を解く、解明する、を解決する
108,occur,起こる、心に浮かぶ、現れる
109,argue,と主張する、議論する
110,claim,と主張する、を要求する
111,express,を表す、述べる
112,draw,を引き出す、を引く、を描く、近づく
113,waste,を浪費する、無駄にする
114,advance,を進歩させる、を進める、進歩する、進む
115,spread,を広める、広がる
116,prepare,を準備する、を調理する、準備をする
117,gain,を獲得する、を増す
118,achieve,を達成する、を成し遂げる
119,establish,を確立する、を設立する
120,supply,を供給する
121,suppose,と思う、と仮定する
122,perform,行う、演じる、演奏する
123,prefer,のほうを好む
124,determine,を決定する、を正確に知る
125,treat,を扱う、を治療する
126,prove,を証明する、判明する、わかる
127,apply,を適用する、申し込む、適用される
128,mention,に言及する、と言う
129,communicate,情報交換をする、を伝達する
130,contain,を含む、を収容する、を抑える
131,contact,と連絡を取る、接触する
132,regard,を見なす、を見る、を評価する
133,respect,を尊敬する、を尊重する
134,search,捜す、を捜索する、を詳しく調べる
135,connect,をつなぐ、を関連づける
136,decline,減少する、衰退する、を断る
137,prevent,を妨げる、を防ぐ
138,suffer,苦しむ、患う、を経験する
139,survive,を切り抜けて生き残る、より長生きする、生き延びる
140,publish,を出版する、を公表する
141,opportunity,機会
142,task,仕事、作業、課題、タスク
143,industry,産業、勤勉
144,medium,媒体、手段
145,economy,経済、経済圏、節約
146,policy,政策、方針、主義
147,account,説明、勘定、口座
148,trade,貿易、商売、取引
149,model,模範、モデル、模型、型
150,figure,数字、姿、人物、図表
151,cell,細胞、独房、電池
152,image,印象、イメージ、画像、像
153,emotion,感情、情動、感動
154,stress,ストレス、圧力、強調
155,decade,10年間
156,range,範囲、射程距離、組
157,character,性格、個性、特徴、登場人物、文字
158,advantage,利点、優勢、有利
159,phrase,句、成句、言葉遣い
160,damage,損害、損傷、損害賠償金
161,impact,影響、衝突、衝撃（力）
162,method,方法、体系、秩序
163,resource,資源、資金、才覚
164,region,地域、領域、部位
165,medicine,薬、医学
166,detail,詳細、細部
167,feature,特徴、顔つき、特集記事
168,function,機能、関数
169,access,利用、入手、接近
170,item,品目、項目、個、記事
171,income,収入、所得
172,attitude,態度、考え方、心構え
173,site,用地、場所、跡地、サイト
174,aspect,側面、観点、様相
175,structure,構造、体系、構造物
176,habit,習慣、癖
177,link,関連、つながり、交通手段、リンク
178,instance,例、実例、場合
179,positive,肯定的な、積極的な、確信して、陽性の
180,negative,否定的な、消極的な、陰性の
181,complex,複雑な、複合（体）の
182,current,現在の、現代の、通用している
183,mental,精神の、知能の、頭の中で行う
184,specific,特定の、明確な、具体的な、特有の
185,significant,重要な、重大な、意義深い
186,essential,必要不可欠な、本質的な
187,official,公用の、公式の、役所の
188,financial,財政（上）の、財界の
189,academic,学問の、大学の
190,aware,気づいて、知って
191,worth,に値する、の価値がある
192,potential,潜在的な、可能性を秘めた
193,active,積極的な、活動的な、効力のある
194,digital,デジタル方式の、デジタル表示の
195,mobile,可動式の、流動性のある
196,novel,斬新な、目新しい
197,plastic,柔軟な、プラスチックの、ビニールの
198,chemical,化学の、化学的な
199,necessary,必要な
200,eventually,結局（は）
201,identify,を特定する、を同一視する
202,represent,を表す、を代表する、に相当する
203,indicate,を指し示す、を述べる
204,manage,をなんとか成し遂げる、を管理する
205,attend,に出席する、を世話する、に対処する
206,maintain,を維持する、と主張する、を養う
207,survey,を調査する、をじろじろ見る、を概観する
208,replace,に取って代わる、を取り替える
209,sort,を分類する、をえり分ける
210,conduct,を実施する、を導く
211,associate,を結び付けて考える、交際する
212,attempt,を試みる、企てる
213,promote,を促進する、昇進する
214,earn,を稼ぐ、を得る、をもたらす
215,unite,を団結させる、を結合する、団結する
216,feed,に食べ物を与える、に供給する、餌を食べる
217,seek,を追い求める、を要請する
218,observe,に気づく、を観察する、を遵守する
219,reveal,を明らかにする、を見せる
220,estimate,と推定する、を見積もる、を評価する
221,reflect,を反映する、を反射する、を熟考する
222,attract,を引きつける
223,decrease,減少する、を減らす
224,ignore,を無視する
225,match,合う、に匹敵する、一致する
226,define,を定義する、を明確にする
227,adapt,適応する、を適合させる
228,contribute,貢献する、一因となる、を寄付する、を寄稿する
229,exchange,を交換する、両替する
230,display,を示す、を発揮する、を展示する
231,respond,反応する、答える
232,hide,を隠す、隠れる
233,doubt,ではないと思う、を疑う
234,remove,を取り除く、を解雇する
235,wind,を巻く、曲がりくねる、巻きつく
236,assume,を当然のことと思う、を仮定する、を手に入れる、を引き受ける
237,relax,くつろぐ、緩む、をくつろがせる、を緩める
238,satisfy,を満足させる、を満たす
239,desire,を強く望む
240,succeed,に成功する、を継承する
241,concept,概念、考え、コンセプト
242,fashion,流行、ファッション、方法、流儀
243,device,装置、機器、方策、デバイス
244,charge,料金、世話、管理、告発
245,contrast,対照
246,colleague,同僚
247,pain,苦痛、痛み、苦悩、骨折り
248,bill,請求書、勘定書、法案
249,content,内容、中身、コンテンツ
250,section,部門、部分、地区、欄
251,audience,聴衆、観客、視聴者
252,surface,表面、外見
253,crop,作物、収穫高
254,topic,話題、トピック、主題
255,technique,技術、技巧、手法
256,status,地位、状態
257,option,選択、選択肢
258,reward,報酬、報い
259,race,人種、民族、競争
260,crime,罪、犯罪、違法行為
261,conflict,争い、論争、不一致
262,struggle,闘い、懸命の努力
263,context,状況、背景、文脈
264,debate,討論、論争、討論会
265,fuel,燃料、勢いを増加させるもの
266,pollution,汚染、公害
267,trend,傾向、流行
268,balance,均衡、バランス、平衡、残高
269,traffic,交通、通行、交通量、取引
270,strategy,戦略
271,basis,基礎、根拠、基準
272,consequence,結果、重大性
273,aim,目的、目標、狙い
274,ancestor,祖先、原型
275,gene,遺伝子
276,track,跡、軌道、番線、走路
277,revolution,革命、回転、公転
278,progress,進歩、前進
279,cognitive,認知の
280,ideal,理想的な、観念的な
281,efficient,効率的な、有能な
282,universal,普遍的な、宇宙の、万能の
283,vast,莫大な、広大な
284,extra,追加の、余分の、別勘定の
285,entire,全体の、全部の、完全な
286,familiar,精通している、よく知られている
287,obvious,明らかな
288,moral,道徳上の、倫理的な、道徳的な
289,ordinary,一般の、普通の、並の
290,equal,等しい、匹敵する、平等な
291,previous,以前の、前の
292,FALSE,間違った、虚偽の、偽の
293,rare,まれな、珍しい、希少な
294,legal,法律の、合法の
295,independent,独立した
296,extreme,極端な、極度の、過激な
297,actual,実際の、現実の
298,willing,いとわない、かまわないと思う
299,urban,都市の、都会的な
300,whereas,～するのに、～する一方
301,predict,を予言する、を予測する
302,examine,を調べる、を診察する、を尋問する
303,trust,を信頼する、を託す
304,stick,を動けなくする、を突き刺す、くっつく
305,emerge,現れる、明らかになる、台頭する
306,vary,さまざまである、変わる、を変える
307,release,を放出する、を解放する、を発表する
308,divide,を分ける、分かれる
309,enable,できるようにする、を可能にする
310,judge,判断する、に判決を下す
311,rely,頼る
312,engage,を従事させる、を雇う、従事する
313,shift,を変える、移す、変わる、移動する
314,adopt,を採用する、をとる、を養子にする
315,acquire,を得る、を習得する
316,expand,拡大する、詳説する
317,refuse,を拒む、を断る、拒絶する
318,strike,の心を打つ、を襲う、を打つ、ぶつかる
319,repeat,繰り返す、を復唱する
320,consume,を消費する、を食べる、飲む
321,confuse,を混同する、を当惑させる
322,select,を選ぶ、えり抜く
323,evolve,発展する、進化する
324,convince,を納得させる、を確信させる
325,recall,を思い出す、を呼び戻す
326,destroy,を破壊する、を破滅させる
327,preserve,を保存する、を保持する、を保護する
328,organize,を準備する、を組織する
329,warn,に警告する、に注意する
330,address,に対処する、に演説する、を出す
331,operate,を操作する、機能する、手術する
332,participate,参加する
333,surround,を取り巻く、にまつわる
334,flow,流れる、生じる
335,bore,を退屈させる、うんざりさせる
336,complain,不平を言う、訴える
337,host,を主催する、のホスト役を務める
338,combine,を結び付ける、結び付く
339,extend,を伸ばす、伸びる、及ぶ
340,appreciate,を正当に評価する、を鑑賞する、を感謝する
341,target,目標、的
342,element,要素、成分、元素、少しの
343,element,原則、原理、主義、信条
344,phenomenon,現象
345,atmosphere,大気、雰囲気
346,origin,起源、源
347,personality,個性、性格
348,capacity,容量、収容能力、能力
349,profit,利益、収益、得
350,circumstance,状況、事情、境遇
351,manner,作法、方法、物腰
352,threat,脅威、兆し、脅迫
353,resident,居住者、滞在者
354,wealth,富、資源、富裕
355,institution,機関、協会、施設、制度
356,authority,当局、権威、権限
357,vote,投票、投票結果、選挙権
358,sight,光景、名所、視野、視力
359,campaign,運動、軍事行動
360,fund,基金、資金
361,web,ウェブ、巣
362,symbol,象徴、シンボル、記号、標章
363,analysis,分析
364,version,版、解釈
365,perspective,観点、見方、大局観、遠近法
366,crisis,危機
367,disaster,災害、惨事
368,lecture,講義、講演、説教
369,psychology,心理学、心理
370,gender,性、性別
371,custom,慣習、税関、関税
372,court,裁判所、法廷、裁判、宮廷、中庭
373,desert,砂漠、不毛の地
374,soil,土地、土壌、温床
375,agriculture,農業、農学、畜産
376,fossil,化石、時代遅れの人
377,document,文書、書類、記録、資料
378,vocabulary,語彙
379,intelligent,聡明な、知能を有する
380,conscious,意識して、気づいて
381,capable,能力がある、有能な
382,accurate,正確な、精密な
383,fundamental,基本的な、必須の
384,artificial,人工の、不自然な
385,firm,確固たる、堅固な、安定した
386,overall,総合的な、全体的な
387,rural,田舎の、田園の
388,military,軍の、軍事の
389,nuclear,核の、原子力の
390,biological,生物学上の
391,constant,絶え間ない、一定の
392,severe,厳しい、猛烈な
393,visual,視覚の、目に見える
394,enormous,莫大な、巨大な
395,convenient,便利な、都合のいい
396,domestic,家庭の、国内の、飼いならされた
397,mass,大規模な、大量の、大衆の
398,typical,典型的な、特有の
399,overseas,海外へ
400,nevertheless,それにもかかわらず
401,demonstrate,を論証する、デモをする
402,behave,振る舞う、作動する
403,educate,を教育する、に教える、を養う
404,purchase,を購入する
405,recommend,を勧める
406,admit,認める、を認める
407,generate,を生み出す、を発生させる
408,explore,調査する、探検する
409,amaze,をびっくりさせる
410,tear,を引き裂く、裂ける
411,settle,を解決する、移り住む、を落ち着かせる
412,afford,を持つ余裕がある、を与える
413,conclude,と結論づける、を締めくくる、を締結する
414,advertise,を宣伝する、広告を出す
415,encounter,に遭遇する、に出会う
416,remind,に思い出させる
417,locate,位置する、の位置を探し当てる
418,aid,を援助する、助ける
419,bite,かむ、かみつく、刺す
420,deliver,を配達する、をする、子を産む
421,perceive,に気づく、を知覚する、を理解する
422,distinguish,を区別する
423,imply,を暗に意味する、を必然的に伴う
424,handle,を処理する、扱う、を論じる、を商う
425,praise,を賞賛する、賛美する
426,appeal,訴える、抗議する、上訴する
427,insist,強く主張する、要求する
428,compete,競う、に匹敵する
429,rank,を位置づける、評価する、位置する
430,deny,を否定する、を拒む
431,reject,を拒否する
432,intend,を意図する
433,expose,をさらす、を暴露する、を露出する
434,favor,に賛成する、を好む、をひいきする
435,inspire,を奮起させる、を喚起する
436,propose,を提案する、をもくろむ、結婚を申し込む
437,spell,をつづる、という語になる
438,breathe,呼吸する、を吸う
439,repair,を修理する、を修復する
440,consist,成る、ある
441,comment,意見、コメント、批判
442,instruction,指示、使用書
443,religion,宗教、信条、信仰
444,neighborhood,地域、近所
445,laboratory,実験室、研究室
446,presence,存在、出席、面前
447,confidence,自信、信頼、秘密
448,harm,害、損害
449,instrument,器具、楽器
450,category,部類、区分、範疇
451,capital,資本、首都、大文字
452,outcome,結果、成果
453,notion,概念、観念、見解、意向
454,review,論評、再調査、復習
455,trait,特性
456,diversity,多様性、相違点
457,victim,犠牲者、被害者
458,occasion,場合、時、行事、機会
459,facility,施設、設備、機能、才能
460,stock,在庫品、蓄え、株
461,conference,会議、協議
462,humanity,人類、人間性、人情、人文科学
463,dialect,方言
464,proportion,割合、部分、釣り合い
465,tip,助言、秘訣、チップ、先端
466,lawyer,弁護士
467,stuff,物、素材、素質
468,comfort,快適さ、慰め
469,philosophy,哲学、原理、人生観
470,mammal,哺乳動物
471,quantity,量、分量
472,landscape,風景、領域、状況
473,tribe,部族、仲間
474,organ,器官、臓器、組織、オルガン
475,trial,試み、試験、裁判、試用期間
476,norm,規範、標準
477,code,規範、暗号、法典
478,substance,物質、実体、趣旨
479,multiple,多様な、種々雑多な
480,numerous,非常に数の多い
481,narrow,狭い、細い、限られた
482,widespread,広範囲にわたる、広く普及した
483,sufficient,十分な
484,proper,適切な、正式の、主要な、固有の
485,linguistic,言語の、言語学の
486,annual,年1回の、例年の、1年間の
487,contemporary,現代の、同時代の、同年輩の
488,contrary,反対の
489,strict,厳しい、厳格な
490,civil,市民の、民間の、民事の
491,odd,奇妙な、奇数の
492,unknown,不明の、知られていない、無名の
493,superior,よりすぐれた
494,sensitive,敏感な、神経質な、微妙な
495,violent,激しい、暴力的な
496,virtual,仮想の、事実上の
497,regardless,かまわない、無頓着な
498,immediate,即座の、当面の、すぐそばの、直接の
499,crucial,重要な
500,somewhat,いくぶん、多少
501,interpret,を解釈する、通訳する
502,translate,を翻訳する、変える
503,concentrate,集中する
504,request,に頼む、を要請する
505,criticize,を批判する、を批評する
506,overcome,を克服する
507,obtain,を得る
508,inform,に知らせる、情報を提供する
509,ensure,を確実にする、を守る
510,announce,を発表する、を告げる
511,grant,を与える、を認める
512,freeze,凍る、を凍らせる、を凍結する
513,oppose,に反対する、を対抗させる
514,differ,異なる
515,hate,をひどく嫌う、を残念に思う
516,emphasize,を強調する、を重視する
517,employ,を雇う、を使う
518,credit,を帰する、を信じる
519,transform,を変える、変わる
520,construct,を建設する、を構成する
521,arise,生じる
522,beat,を打ち負かす、を打つ
523,regret,を後悔する
524,alter,を変える、変わる
525,absorb,を吸収する、を併合する、を夢中にさせる
526,disappoint,を失望させる、をくじく
527,cure,を治す、を取り除く、治る
528,transport,を輸送する、を運ぶ
529,rush,急いで行く、をせき立てる
530,hang,を掛ける、を絞首刑にする、垂れ下がる
531,blame,を責める、の責任を負わせる
532,ban,を禁止する、を締め出す
533,fascinate,を魅了する
534,recover,回復する、を取り戻す
535,celebrate,を祝う、を挙行する
536,manufacture,を製造する、をでっち上げる
537,interact,影響し合う、相互に作用する
538,arrange,の段取りをつける、を手配する、を配置する
539,adjust,を調整する、を適合させる、順応する
540,confirm,を確認する、を裏づける
541,insight,見識、理解、洞察力
542,innovation,革新、新機軸
543,budget,予算、経費
544,fee,料金、謝礼
545,expense,経費、費用、犠牲
546,debt,借金、負債、恩義
547,loan,貸付金、融資、貸すこと
548,duty,義務、職務、関税
549,alarm,不安、警報装置
550,emergency,緊急事態
551,democracy,民主主義、民主政治、民主国家
552,minister,大臣、聖職者
553,fellow,仲間、同僚、男
554,candidate,候補、志願者
555,corporation,企業、法人
556,stereotype,固定観念、決まり文句
557,route,道、路線、手段
558,disorder,障害、不調、混乱
559,depression,憂うつ、うつ病、不況、低気圧
560,weapon,兵器、武器
561,immigration,移民、移住、入国管理
562,barrier,障壁、防壁
563,disadvantage,不利、障害、損失
564,mood,気分、機嫌、雰囲気
565,motion,動き、動作、運動、動議
566,routine,決まり切った仕事、いつもの手順
567,discipline,規律、しつけ、訓練、学問分野
568,myth,作り話、神話
569,hypothesis,仮説、憶測
570,physician,医師、内科医
571,client,顧客、依頼人
572,colony,植民地、集団居住地
573,statistics,統計、統計学
574,grain,穀物、粒、きめ
575,ingredient,材料、成分、要因
576,treasure,宝物、財産
577,contract,契約、協定
578,welfare,福祉、幸福
579,prime,主要な、最も重要な、極上の
580,curious,好奇心の強い、奇妙な
581,dramatic,劇的な、演劇の
582,distinct,明らかに異なる、明瞭な
583,anxious,心配して、切望して
584,vital,必要不可欠な、活気のある、生命にかかわる
585,conventional,従来の、月並みな
586,abstract,抽象的な
587,minor,重要でない、小さい
588,extraordinary,並はずれた、異常な、驚くべき
589,stable,安定した、動じない
590,flexible,融通の利く、柔軟な
591,brief,簡潔な、短い
592,aggressive,攻撃的な、意欲的な
593,visible,見える、明白な
594,unexpected,思いがけない、不意の
595,ethnic,民族の、人種の
596,alien,異質の、外国の、宇宙人の
597,initial,初めの
598,exact,正確な、まさにその
599,precise,正確な、精密な
600,latter,後者の、後半の
601,commit,献身する、罪を犯す、投入する
602,stimulate,を刺激する
603,enhance,を高める、増す
604,pursue,を追求する、に従事する
605,react,反応する、化学反応を起こす
606,disagree,不賛成である、意見が食い違う
607,stare,じっと見る、を見つめる
608,abandon,を捨てる、を放棄する、断念する
609,quit,をやめる、を去る
610,capture,をとらえる、をとりこにする
611,transfer,を移す、を伝える、移る、乗り換える
612,bother,を悩ます、気にかける
613,persuade,を説得する、に確信させる
614,rent,を賃借りする、を賃貸しする
615,breed,を繁殖させる、育てる、繁殖する
616,invest,投資する、を与える
617,reserve,を予約する、取っておく、保留する
618,trace,をたどる、を捜し出す
619,illustrate,を説明する、に挿絵を入れる
620,advise,に忠告する、助言する
621,convey,を伝える、を運ぶ
622,attach,を取り付ける、を付与する
623,stretch,を伸ばす、を広げる、及ぶ
624,puzzle,を当惑させる
625,disturb,をかき乱す、を妨害する、を動揺させる
626,crash,衝突する、墜落する、壊す
627,cope,うまく処理する
628,permit,を許可する
629,impress,を感動させる、に印象を与える
630,suspect,ではないかと思う、を疑う
631,upset,を動揺させる、をだめにする
632,frighten,を怖がらせる
633,import,を輸入する、を取り込む
634,export,を輸出する
635,investigate,を調査する、を究明する
636,monitor,を監視する、を傍受する
637,calculate,を計算する、を予測する
638,eliminate,を取り除く
639,ease,を軽減する、和らぐ、緩む
640,launch,を開始する、を売り出す、を発射する
641,sequence,連続、一連のもの
642,therapy,療法、心理療法
643,symptom,症状、兆候
644,incident,出来事、事件、紛争
645,witness,目撃者、証人、証拠
646,sum,金額、合計、要点
647,burden,負担、義務、積み荷
648,tone,口調、音色、雰囲気
649,honor,光栄、名誉、敬意
650,award,賞、授与
651,priority,優先事項
652,logic,論理、道理
653,minimum,最小限度
654,exception,例外
655,clue,手がかり、ヒント
656,bond,絆、債券、束縛、接着剤
657,virus,ウイルス、病原体
658,surgery,手術、外科
659,insurance,保険、保険料、保険金
660,frame,枠、骨組み、体格
661,shelter,避難所、保護
662,territory,領土、領域、テリトリー
663,boundary,境界、限界
664,habitat,生息地、居住地
665,district,地区、行政区
666,conservation,保護、保存
667,harvest,収穫、漁獲高
668,predator,捕食動物、略奪者
669,trap,わな、苦境
670,trick,こつ、策略、いたずら、芸当
671,fault,責任、欠点、誤り
672,discount,割引
673,bias,偏見、傾向
674,cooperation,協力、共同
675,patent,特許、特許品
676,dialogue,対話、会話、意見交換
677,component,構成要素、部品
678,reputation,評判、名声
679,verbal,言葉の、口頭での、動詞の
680,internal,内部の、国内の、内面的な
681,solid,しっかりした、硬い、固体の
682,remote,遠く離れた、かけ離れた
683,principal,主要な、資本金の
684,sophisticated,高性能の、精巧な、洗練された
685,equivalent,等しい、相当する
686,rational,理性的な、合理的的な
687,relevant,関係がある、適切な
688,absolute,絶対的な
689,frequent,頻繁な
690,permanent,永続的な
691,intense,強烈な、熱烈な
692,meaningful,意味のある
693,evil,邪悪な、有害な
694,extinct,絶滅した、廃止された
695,random,無作為の、手当たり次第の
696,raw,生の、未加工の
697,rude,無礼な、粗野な
698,mere,単なる、ほんの
699,tropical,熱帯の
700,forth,前へ、先へ、それ以降
701,possess,を所有している、の心をとらえる
702,dominate,を支配する、優勢である
703,guarantee,を保証する
704,melt,溶ける、なごむ、を溶かす
705,embarrass,を恥ずかしい思いをさせる
706,discourage,やる気をなくさせる、落胆させる
707,detect,を感知する、を見つけ出す、に気づく
708,devote,をささげる
709,urge,に促す、を強く主張する、を駆り立てる
710,lend,を貸す、を与える
711,restrict,を制限する
712,isolate,を孤立させる
713,accompany,に同行する、に付随する
714,exhaust,を疲れ果てさせる、を使い尽くす、排気する
715,annoy,を悩ます、腹が立つ
716,endanger,を危険にさらす
717,acknowledge,事実を認める、に謝意を表す
718,admire,に敬服する、感心する
719,evaluate,を評価する、を査定する
720,declare,を宣言する、を申告する
721,secure,を確保する、を守る
722,specialize,専門とする、専攻する
723,attribute,を帰する
724,pretend,ふりをする
725,bury,を埋める、を埋葬する、を隠す
726,reverse,を逆転させる、を反対にする
727,resist,に抵抗する、を我慢する
728,scare,をおびえさせる、を脅す
729,imitate,をまねる、を模造する
730,assist,援助する、を手伝う
731,resemble,に似ている
732,retire,引退する、退職する、退く
733,neglect,をおろそかにする、を無視する
734,collapse,崩壊する、倒れる、を折り畳む
735,reform,を改革する、を改心させる
736,protest,に抗議する、を主張する
737,owe,に借りがある、のおかげである
738,sustain,を持続させる、を支える
739,assign,を割り当てる、を配属する
740,accomplish,を成し遂げる
741,wisdom,知恵、賢明さ、学識
742,literacy,読み書きの能力、知識
743,heritage,遺産
744,mission,使命、使節団、布教
745,license,免許、許可
746,elite,エリート
747,layer,層
748,motor,モーター、原動力
749,protein,たんぱく質
750,profession,職業、専門職、同業者仲間
751,editor,編集者、編集長
752,agent,仲介者、代理人、薬剤
753,globe,地球、世界、球
754,haven,避難所、保護区、港
755,row,列、通り
756,sacrifice,犠牲、いけにえ
757,means,手段、資力、収入
758,session,集まり、会期、議会
759,league,連盟、同盟
760,contest,コンテスト、競技、争い
761,guard,警備員、警備隊、監視、警戒
762,opponent,相手、反対者
763,glance,ちらっと見ること
764,divorce,離婚、分離
765,tissue,組織、ティッシュペーパー
766,liquid,液体
767,inequality,不平等、不公平な事柄
768,prejudice,偏見
769,justice,公正、正義、司法
770,guideline,指針、ガイドライン、指導基準
771,platform,プラットフォーム、演壇、舞台
772,sector,部門、セクター、地域
773,channel,チャンネル、伝達経路、海峡
774,glacier,氷河
775,primate,霊長目の動物
776,usage,用法、語法、習慣
777,fortune,財産、幸運、運命
778,correlation,相互関係、相関関係
779,artistic,芸術的な
780,literary,文学の、文語の
781,classic,第一級の、典型的な、定番の
782,liberal,自由主義の、寛大な、一般教養の
783,concrete,具体的な、有形の
784,slight,わずかな、取るに足らない
785,federal,連邦政府の
786,primitive,原始的な、未開の
787,unfamiliar,不慣れな、知られていない
788,subtle,微妙な、希薄な
789,plain,明らかな、平易な、飾りのない、率直な
790,marine,海の、船舶の
791,apparent,明白な、一見～らしい
792,reluctant,気が進まない、嫌がる
793,temporary,一時的な
794,guilty,罪悪感のある、有罪の
795,royal,王の
796,pure,純粋な、潔白な、まったくの
797,incredible,信じられない、すばらしい
798,eager,熱望して、熱心な
799,adequate,十分な、適切な
800,via,経由で、媒介で
801,assess,を評価する、を査定する
802,approve,賛成する、を承認する
803,remark,と述べる、意見を述べる
804,pose,を引き起こす、を提起する、装う
805,yield,をもたらす、を譲る、屈する
806,exhibit,を示す、見せる、を展示する
807,distribute,を分配する、分布する
808,command,を命じる、を指揮する、を見渡せる
809,occupy,を占める、を占領する
810,pop,ひょいと動く、不意に現れる、はじける
811,pile,を積み重ねる、積み重なる
812,greet,に挨拶する、を迎える
813,apologize,謝る、弁明する
814,frustrate,をいら立たせる、を挫折させる
815,relieve,を和らげる、安心する、を解放する
816,derive,由来する、を引き出す、を推論する
817,deserve,に値する
818,peer,じっと見る
819,defeat,を負かす、を失敗させる
820,convert,を変える、を改宗させる、を交換する
821,wed,と結婚する、を結婚させる
822,delight,を喜ばせる、大いに喜ぶ
823,boost,を押し上げる、を増加させる
824,endure,に耐える、持ちこたえる
825,correspond,一致する、相当する、文通する
826,impose,を課す、を押しつける
827,rescue,を救う
828,resolve,を解決する、を決意する、を議決する
829,register,を記録する、登録する
830,interrupt,を中断させる、邪魔をする
831,rid,から取り除く、除去する
832,prohibit,を禁止する
833,compose,を構成する、を創作する、を鎮静する
834,misunderstand,を誤解する
835,punish,を罰する、に損傷を与える
836,ruin,をだめにする、を破滅させる、破滅する
837,defend,を防御する、を弁護する
838,embrace,を受け入れる、抱擁する、を包含する
839,modify,を修正する、を緩和する
840,qualify,に資格を与える、資格がある
841,passion,情熱、熱中、激怒
842,enthusiasm,熱情、熱意
843,phase,段階、局面、側面
844,mode,方式、気分、形態、流行
845,span,期間、範囲
846,gravity,重力、引力、重量、重大さ
847,orbit,軌道、範囲
848,asteroid,小惑星、ヒトデ
849,core,核心、芯
850,soul,精神、魂、生気
851,nerve,神経、度胸
852,infection,感染
853,mall,モール、ショッピングセンター
854,grocery,食料雑貨、食料雑貨店
855,humor,ユーモア、気分、機嫌、気質
856,instinct,本能、勘、直感、衝動
857,faith,信頼、信仰
858,courage,勇気
859,incentive,動機、報奨金
860,prospect,見込み、展望、有望な人
861,obstacle,障害、障害物
862,architecture,建築、建築様式、構造
863,stem,茎、幹
864,illusion,錯覚、思い違い、幻想
865,discrimination,差別、区別
866,shame,恥、残念なこと
867,drought,干ばつ、不足
868,flavor,風味、特色
869,portion,部分、1人前、割り当て
870,recipe,調理法、レシピ、手順、秘訣
871,luxury,ぜいたく、豪華な
872,chip,小片、破片、集積回路
873,ritual,儀式、習慣的行為
874,sake,のために、に免じて
875,prefecture,県、府
876,council,議会、評議会、会議
877,administration,管理、行政、政府
878,curriculum,教育課程、カリキュラム
879,precious,貴重な、高価な
880,generous,寛大な、気前のよい、豊富な
881,casual,何気ない、形式ばらない
882,optimistic,楽観的な
883,rough,粗い、大まかな、乱暴な
884,unpleasant,不愉快な、不親切な、無礼な
885,Arctic,北極の
886,ultimate,究極の
887,deaf,耳が聞こえない
888,genuine,本物の、偽りのない
889,manual,体を使う、手の、手動式の
890,mechanical,機械の、機械的な
891,instant,即時の、即席の
892,spare,余分の、予備の
893,immune,免疫を持つ、免れた
894,harsh,厳しい、不快な
895,collective,集団の、共同の
896,inevitable,避けられない
897,profound,重大な、深い、難解な
898,steady,着実な、一定の、安定した
899,mature,成熟した、熟した
900,likewise,同様に
901,chase,追跡する、追求する
902,sue,を告訴する、訴訟を起こす
903,gaze,じっと見る
904,slip,滑る、滑り落ちる、そっと動く
905,load,に積む、に負わせる
906,overwhelm,を圧倒する、打ちのめす
907,wander,歩き回る、それる、はぐれる
908,float,漂う、浮かぶ、を浮かべる
909,pour,を注ぐ、激しく降る、押し寄せる
910,substitute,を代わりに使う、代理をする
911,pronounce,を発音する、を宣言する
912,shrink,縮む、縮小する、減少する、ひるむ
913,restore,を回復させる、を修復する
914,trigger,を引き起こす、きっかけとなる
915,grab,をつかむ、を横取りする、急いで食べる
916,retain,を保持する、を覚えている
917,reproduce,を複製する、繁殖させる
918,bob,上下に動く、急に動く
919,entertain,を楽しませる、をもてなす
920,interfere,干渉する、介入する、邪魔する
921,cultivate,を養う、を耕す、を栽培する
922,underlie,の根底にある
923,anticipate,を予期する、楽しみに待つ
924,justify,を正当化する
925,regulate,を規制する、を調整する
926,scan,をスキャンする、をざっと見る、注意深く調べる
927,classify,を分類する、機密扱いにする
928,submit,を提出する、従う
929,pause,中止する、立ち止まる
930,lean,傾く、寄りかかる、もたせかける
931,bump,ぶつかる、をぶつける
932,fold,を折り畳む、組む
933,hesitate,躊躇する、ためらう
934,pump,送り込む、くみ出す、注ぎ込む
935,mount,を据えつける、に着手する、乗る、増える
936,exceed,を超える、に勝る
937,undergo,を経験する、を受ける、に耐える
938,confront,に立ち向かう、立ちはだかる
939,consult,相談する、を参照する
940,fulfill,を実現させる、を果たす、を満たす
941,privilege,特権、特典
942,formation,形成、構成、隊列
943,dimension,側面、次元、寸法
944,neuron,ニューロン、神経単位
945,sensation,感覚、大評判
946,chart,図、グラフ、海図
947,geography,地理、地理学
948,panel,一団、討論者一同、羽目板
949,semester,学期
950,workforce,労働人口、総労働力、全従業員
951,mill,製造工場、製粉所、粉ひき機
952,abuse,乱用、虐待
953,vice,悪、欠点
954,fate,運命、結末、最期
955,tragedy,悲劇
956,scenario,筋書き、事態、脚本
957,allergy,アレルギー
958,wound,傷、痛手
959,antibiotic,抗生物質
960,vaccine,ワクチン
961,metaphor,隠喩、比喩
962,folk,人々、皆さん、家族
963,fare,料金
964,transition,移り変わり、過渡期
965,maximum,最大限
966,galaxy,星雲、銀河
967,mineral,鉱物、ミネラル
968,skeleton,骨格、骨組み、概略
969,counterpart,相当する物、人
970,stroke,脳卒中、打つこと、一撃
971,pedestrian,歩行者
972,trail,小道、跡、手がかり
973,ecology,生態学、生態系、環境保護
974,sibling,きょうだい
975,ratio,比率
976,mixture,混合物
977,charm,魅力、お守り
978,ambition,願望、野望、野心
979,prominent,卓越した、目立つ
980,radical,急進的な、根本的な
981,prompt,即座の、迅速な
982,informal,形式ばらない、略式、くだけた
983,mutual,相互の、共通の
984,neutral,中立の、はっきりしない
985,alert,警戒して、敏速な
986,magnetic,磁気の、磁石の、人を引きつける
987,polar,極地の、電極の
988,fluent,流ちょうな
989,external,外部の、対外的な
990,passive,受動的な、消極的な
991,awful,ひどい、嫌な、ものすごい
992,unrelated,無関係の、血縁関係がない
993,cruel,残酷な、むごい
994,fake,偽の、見せかけだけの
995,vulnerable,弱い、もろい、傷つきやすい
996,urgent,緊急の
997,spiritual,精神の、霊的な
998,modest,謙虚な、適度な、質素な
999,keen,熱心な、鋭敏な、強い
1000,nonetheless,それにもかかわらず
1001,negotiate,交渉する、取り決める
1002,grasp,を把握する、をしっかり握る
1003,donate,を寄付する、を提供する
1004,arrest,を逮捕する、を止める、を引く
1005,crack,ひびが入る、にひびを入れる
1006,tap,を軽くたたく、を出す、を盗聴する
1007,split,を分割する、を分担する、分裂する
1008,forecast,を予想する
1009,exclude,を除外する
1010,overlook,を見落とす、を大目に見る、を見渡す
1011,burst,破裂する、突然始める
1012,heal,を治す、治る
1013,forbid,を禁じる
1014,install,をインストールする、を設置する、を就任させる
1015,diminish,を減らす、減少する
1016,cite,を引き合いに出す、を引用する
1017,quote,を引用する、を引き合いに出す
1018,dispute,に異議を唱える、議論する
1019,highlight,を目立たせる、強調する
1020,distract,をそらす
1021,cheat,をだます、不正をする
1022,foster,をはぐくむ、を養育する、を心に抱く
1023,obey,に従う、に服従する
1024,bend,を曲げる、を屈服させる、曲がる
1025,deprive,から奪う
1026,govern,統治する、支配する
1027,log,ログオンする、を記録する
1028,transmit,を伝える、を送る
1029,bully,をいじめる、を脅す
1030,leap,跳ぶ、さっと動く、急上昇する
1031,astonish,を驚かす
1032,thrill,をぞくぞくさせる、わくわくする
1033,nod,うなずく、会釈する、うとうとする
1034,bow,おじぎする、屈服する
1035,blend,を混ぜる、を調和させる、溶け込む
1036,complicate,を複雑にする
1037,pitch,を投げる、倒れる、縦揺れする
1038,persist,続く、固執する
1039,dedicate,をささげる、を献呈する
1040,equip,に備えつける
1041,premise,前提、構内、敷地
1042,input,入力、投入、提供
1043,merit,利点、功績、真価
1044,sympathy,同情、共感
1045,compliment,賛辞、表敬
1046,infrastructure,インフラ、基本的施設、基盤
1047,ray,光線、ひらめき、一筋の光明
1048,distress,苦悩、苦痛、困窮
1049,joint,関節、接合
1050,expedition,遠征、探検
1051,adolescent,青年、青年期の
1052,shade,陰、色合い、日よけ、微妙な相違
1053,jury,陪審、審査員団
1054,ethic,倫理、道徳、倫理規範
1055,penalty,罰、罰金、ペナルティー
1056,faculty,能力、機能、学部、教授陣
1057,scheme,計画、体系、陰謀
1058,nutrition,栄養
1059,particle,粒子、ほんのわずか
1060,molecule,分子、微粒子
1061,nationality,国籍、国民、国民性
1062,poll,世論調査、投票
1063,clinic,診療所、クリニック、科
1064,dementia,認知症
1065,fatigue,疲労
1066,dilemma,ジレンマ、板ばさみ
1067,queue,列
1068,curve,カーブ、曲線
1069,narrative,物語、話、叙述部分、地の文
1070,fingerprint,指紋
1071,file,ファイル、とじ込み
1072,wilderness,荒野、放置された部分
1073,pesticide,殺虫剤、除草剤
1074,panic,パニック、狼狽
1075,fabric,織物、布、構造
1076,fantasy,空想、幻想、幻想的作品
1077,fancy,好み、空想、思いつき
1078,virtue,美徳、長所、効能
1079,grateful,感謝している
1080,valid,妥当な、有効な
1081,elaborate,入念な、凝った
1082,moderate,適度な、穏健な
1083,dynamic,活動的な、精力的な、動的な
1084,brave,勇敢な、見事な
1085,brilliant,すばらいい、才能にあふれた、きらめく
1086,tremendous,途方もない、莫大な、すばらしい
1087,oral,口頭の
1088,innocent,無罪の、無邪気な、無知の
1089,subsequent,その後の
1090,shallow,浅い、浅薄な
1091,indifferent,無関心な
1092,inferior,より劣った
1093,awkward,気まずい、ぎこちない、厄介な
1094,obese,肥満した
1095,pregnant,妊娠した、満ちている
1096,intimate,親密な、密接な
1097,medieval,中世の、時代遅れの
1098,sacred,神聖な、宗教的な、厳粛な
1099,simultaneously,同時に、一斉に
1100,versus,対、か
1101,proceed,進む、進行する、続行する
1102,orient,慣らす、向いている
1103,surf,見て回る、サーフィンをする
1104,filter,をろ過する、を取り除く
1105,bind,を縛る、を束縛する、を結び付ける
1106,resort,訴える、頼る
1107,reinforce,を強化する、を補強する
1108,accumulate,を蓄積する、集める、積もる
1109,bet,と確信する、断言する、かける
1110,advocate,を主張する、を擁護する
1111,constitute,を構成する、になる
1112,undertake,を引き受ける、を保証する、に着手する
1113,grip,を握る、をとらえる
1114,dismiss,を退ける、を解雇する
1115,fade,薄れる、衰える
1116,conceal,を隠す、を秘密にする
1117,chew,かむ、をかみ砕く
1118,swallow,飲み込む、をうのみにする、に耐える
1119,seal,を密閉する、に封をする
1120,migrate,移住する、渡る
1121,exaggerate,誇張する、を強調する
1122,accuse,を非難する、を告訴する
1123,vanish,消える
1124,polish,を磨く、を洗練させる
1125,wipe,を拭く、を拭き取る、を消し去る
1126,sweep,掃く、を一掃する、さっと通過する
1127,mislead,を誤解させる、欺く、導く
1128,spoil,を台無しにする、を甘やかす、だめになる
1129,compound,を悪化させる、を合成する、を混合する
1130,explode,爆発する、急増する、を論破する
1131,disgust,をむかつかせる、に愛想を尽かせる
1132,commute,通勤する、通学する
1133,decorate,を装飾する
1134,postpone,を延期する
1135,cease,をやめる、終わる
1136,compromise,妥協する、を危うくする
1137,elect,を選出する
1138,extract,を取り出す、を抜粋する
1139,inherit,を受け継ぐ、を相続する
1140,rear,を育てる
1141,empathy,感情移入、共感
1142,cue,合図、手がかり、キュー
1143,enterprise,企業、事業、企画、進取の気性
1144,output,生産、出力、排出
1145,congress,議会、会議
1146,millennium,千年間、千年紀
1147,mankind,人類
1148,Muslim,イスラム教徒
1149,estate,財産、私有地
1150,landmine,地雷
1151,caution,用心、警告
1152,controversy,論争
1153,consensus,総意、一致
1154,retail,小売り
1155,fiber,繊維、本質、精神力
1156,scent,香り、香水
1157,beverage,飲み物、飲料
1158,supplement,サプリメント、補足
1159,diabetes,糖尿病
1160,province,州、省、地方、分野
1161,reef,礁、暗礁
1162,microbe,微生物、細菌
1163,excess,過剰、超過
1164,gallery,美術館、画廊、観客、回廊
1165,fame,名声
1166,deadline,締め切り
1167,undergraduate,学部学生
1168,slavery,奴隷制度、苦役
1169,prey,獲物、犠牲者
1170,mess,散らかった状態、混乱状態
1171,recession,不況、後退
1172,retreat,後退、退却、撤回
1173,grave,墓、死
1174,column,コラム、欄、円柱、列
1175,scenery,景色、背景
1176,plot,筋、陰謀
1177,sculpture,彫刻
1178,tablet,タブレット、錠剤、平板
1179,dense,密集した、密度の高い、濃い
1180,exotic,外来の、異国風の
1181,acid,酸性の、酸っぱい、辛辣な
1182,bitter,苦い、つらい、辛辣な、怒りっぽい
1183,sensible,賢明な、実用的な、顕著な
1184,noble,高貴な、堂々とした、高潔な
1185,vague,漠然とした、あいまいな、おぼろげな
1186,parallel,平行の、類似した
1187,tense,張り詰めた、緊張した
1188,vertical,垂直の、縦方向の
1189,indigenous,原産の、先住の、固有の
1190,aboriginal,アボリジニの、原生の、先住の
1191,seasonal,季節の、季節的な
1192,abundant,豊富な、富む
1193,hybrid,ハイブリッドの、雑種の、混成の
1194,irrelevant,無関係の、見当違いの
1195,ridiculous,ばかげた、法外な
1196,fairy,妖精の
1197,sensory,感覚の
1198,chronic,慢性の、長引く、常習の
1199,voluntary,自発的な、無償の
1200,inclined,傾向がある、傾いた
1201,infer,を推論する、推測する
1202,esteem,を尊敬する、を見なす
1203,tackle,に取り組む、話をつける
1204,venture,危険を冒して進む、を思い切ってする
1205,accelerate,を加速させる、促進する、加速する
1206,accustom,慣れさせる
1207,amuse,をおもしろがらせる、楽しませる
1208,flourish,繁栄する、繁茂する、を振りかざす
1209,thrive,繁栄する、うまくいく、繁茂する
1210,nurture,をはぐくむ、を養成する
1211,click,クリックする、カチッと鳴らす
1212,spin,回転する、を回転させる、を紡ぐ
1213,clip,を切り抜く、を切り取る、クリップで留める
1214,drag,を引きずる、ぐずぐずする
1215,cast,を投じる、に役を当てる
1216,scatter,をまき散らす、分散する
1217,tempt,を気にさせる、を引きつける
1218,withdraw,を引き出す、を撤回する、撤退する
1219,yawn,あくびをする
1220,blink,まばたきする、点滅する
1221,dye,を染める、染まる
1222,spill,をこぼす、こぼれる
1223,irritate,をいらいらさせる、をひりひりさせる
1224,insult,を侮辱する
1225,enforce,を施行する、を強制する
1226,rob,から奪う
1227,drain,を流出させる、流れ出る
1228,suspend,を停職にする、を一時的に中断する
1229,drift,漂う、さまよう、を押し流す
1230,forgive,を許す、を免除する
1231,revise,を修正する、を改訂する
1232,recruit,を募る、に新人を補充する
1233,twist,をねじる、を歪曲する
1234,crush,を押しつぶす、を弾圧する、を絞り出す
1235,pin,をピンで留める、を突き刺す
1236,uncover,を暴く、を発掘する
1237,exploit,を活用する、を搾取する、につけ込む
1238,implement,を実行する
1239,integrate,を統合する、融合する
1240,incorporate,を取り入れる、を法人にする、合併する
1241,profile,人物紹介、横顔、輪郭
1242,appetite,食欲、欲求
1243,impulse,衝動、刺激
1244,script,台本、筆跡
1245,anniversary,記念日
1246,pension,年金
1247,temper,気質、機嫌、かんしゃく
1248,cortex,皮質、樹皮
1249,syndrome,症候群、現象
1250,chamber,部屋、議場、議院
1251,utility,公共事業、公共料金、実用性
1252,cattle,牛
1253,herd,群れ、群衆
1254,fluid,流動体、液体
1255,pity,残念なこと、哀れみ
1256,priest,聖職者
1257,acquaintance,知人、面識、知識
1258,offspring,子孫、子、成果
1259,famine,飢饉、不足
1260,deforestation,森林伐採
1261,jail,刑務所、拘置所
1262,commodity,商品、有用なもの
1263,format,書式、形式、型
1264,recipient,受け取る人、被提供者
1265,drill,訓練、練習、ドリル、錐
1266,inability,無能、無力
1267,republic,共和国、共和制
1268,combat,戦闘、対立
1269,debris,残骸、瓦礫、がらくた
1270,bug,病原菌、虫、盗聴器、欠陥
1271,fraction,わずか、一部、分数
1272,index,指標、索引、指数
1273,intuition,直観力、直感
1274,motive,動機
1275,consent,同意、承諾
1276,hierarchy,階層制、支配層
1277,monument,記念碑、遺跡、金字塔
1278,asset,資産、価値のあるもの、利点
1279,decent,まずまずの、きちんとした、上品な
1280,competent,有能な、適任の、満足できる
1281,straightforward,単純な、率直な
1282,cosmetic,化粧の、美容の、うわべの
1283,delicate,繊細な、扱いにくい、もろい
1284,interior,室内の、内部の
1285,transparent,透明な、明快な
1286,aesthetic,美的な、美学の
1287,deliberate,故意の、慎重な
1288,demographic,人口統計学の
1289,prehistoric,有史以前の、旧式な
1290,innate,生まれながらの、固有の
1291,mild,穏やかな、軽い
1292,toxic,有毒な、中毒性の
1293,ashamed,恥じて
1294,humble,謙虚な、質素な、身分が低い
1295,peculiar,特有の、特異な
1296,steep,急な、急激な、法外な
1297,trivial,ささいな、取るに足りない
1298,magnificent,壮大な、見事な
1299,wireless,無線の、ラジオの
1300,ongoing,継続している、進行中の
1301,assure,に自信を持って言う、を保証する
1302,precede,に先行する、に優先する
1303,revive,を復活させる、復活する
1304,compel,に強いる
1305,blossom,花が咲く、発展する
1306,terrify,を怖がらせる、を脅す
1307,violate,に違反する、を侵害する
1308,suppress,を抑える、を抑圧する
1309,deceive,をだます
1310,manipulate,を操る、を改ざんする
1311,starve,飢える、渇望する、を飢えさせる
1312,flee,逃げる
1313,whisper,ささやき
1314,yell,叫ぶ、どなる
1315,deposit,を置く、を預ける、を堆積させる
1316,confine,を限定する、閉じ込められる
1317,swing,を揺らす、振る、揺れる
1318,prolong,を長引かせる
1319,depict,を描く
1320,outline,の要点を述べる、の輪郭を描く
1321,shed,を捨て去る、を放つ、を流す
1322,emit,を出す、排出する、を送る
1323,renew,を更新する、を再生する
1324,utilize,を利用する
1325,assert,を主張する
1326,strain,に負担をかける、を緊張させる、を漉す
1327,strive,努力する、争う
1328,dare,あえてする
1329,boast,を誇る、自慢する
1330,startle,をびっくりさせる
1331,offend,の気分を害する、に違反する
1332,compute,計算する、コンピューターを使う
1333,assemble,を集める、を組み立てる、集まる
1334,worsen,を悪化させる、悪化する
1335,flip,を裏返す、を軽くはじく
1336,rub,こする、を塗る
1337,descend,降りる、受け継がれる
1338,compensate,補償する、に償う
1339,comprise,から成る、を構成する
1340,prevail,普及している、支配的である、打ち勝つ
1341,quest,探究
1342,dignity,尊厳、威厳
1343,criterion,基準
1344,paradox,逆説、矛盾
1345,parliament,議会、国会議員
1346,legislation,法律、立法
1347,agenda,協議事項、議事日程、課題
1348,mainstream,主流、大勢
1349,troop,軍隊、集団
1350,epidemic,流行、蔓延
1351,outbreak,発生、勃発
1352,chaos,混沌、大混乱
1353,nightmare,悪夢、不安感
1354,horror,恐怖、強い嫌悪、嫌な物
1355,cluster,集団、房、束
1356,pollen,花粉
1357,hive,ミツバチの巣、人の集まる所
1358,irrigation,灌漑
1359,dose,服用量、照射量
1360,suicide,自殺、自殺的行為
1361,feast,祝宴、大ごちそう、楽しみ
1362,cuisine,料理、料理法
1363,rumor,うわさ
1364,proverb,ことわざ
1365,signature,署名、特徴
1366,formula,方法、解決策、公式
1367,tuition,授業料、指導
1368,intake,摂取量、受け入れ数、取り入れること
1369,spectrum,スペクトル、範囲
1370,kidney,腎臓
1371,gear,用具、器具、歯車、ギア
1372,aisle,通路
1373,grief,深い悲しみ
1374,destiny,運命
1375,skull,頭骨、頭蓋骨、頭脳
1376,tomb,墓
1377,monk,修修道士、僧
1378,worship,崇拝、礼拝、賛美
1379,outstanding,際立った、未払いの、未解決の
1380,unprecedented,前例のない、空前の
1381,infinite,無限の、無数の
1382,worthwhile,価値がある、立派な
1383,indispensable,不可欠な
1384,compulsory,義務的な、強制的な
1385,probable,十分にありそうな
1386,ambiguous,あいまいな、多義的な
1387,obscure,知られていない、不明瞭な
1388,skeptical,懐疑的な
1389,fragile,壊れやすい、虚弱な
1390,static,静的な、動きのない
1391,gradual,徐々の、緩やかな
1392,vocal,声の、発声の、はっきりものを言う
1393,vivid,鮮やかな、生き生きとした
1394,imperial,帝国の、皇帝の
1395,hostile,敵意のある
1396,superficial,表面的な
1397,scarce,乏しい、珍しい
1398,gross,総計の、甚だしい、粗野な
1399,inherent,生来の、本来的に備わっている
1400,notable,注目に値する、著名な
1401,update,を最新のものにする、をアップデートする
1402,refresh,をさわやかにする、を新たにする、を最新のものにする
1403,bloom,花が咲く、栄える
1404,conquer,を征服する、を克服する
1405,induce,を引き起こす、を説得する
1406,attain,を獲得する、達成する、に達する
1407,spray,を吹きかける、に吹きつける
1408,retrieve,を検索する、を取り戻す、を回復する
1409,portray,を描く、を演じる
1410,scratch,を引っかく、を取り消す、削除する
1411,designate,を指定する、を任命する
1412,contradict,と矛盾する、に反対意見を言う
1413,sigh,ため息をつく
1414,disrupt,を混乱させる、を分裂させる
1415,depart,出発する、それる
1416,navigate,誘導する、操縦する、航行する
1417,beg,に切に頼む、懇願する
1418,inhabit,に住んでいる、に宿る
1419,diagnose,診断する
1420,comprehend,を理解する
1421,oblige,に義務づける、に恩恵を施す
1422,cram,に詰め込む、詰め込み勉強をする
1423,flock,群がる、集まる
1424,underestimate,を過小評価する、を軽く見る、を少なく見積もる
1425,clarify,を明確にする
1426,spark,を引き起こす、を刺激する、スパークする
1427,seize,をつかむ、を奪い取る、を没収する
1428,soar,急上昇する、空高く飛ぶ
1429,glow,光り輝く、赤く燃える、紅潮する
1430,disguise,を変装させる、を偽る
1431,distort,を歪める、歪む
1432,undermine,を徐々にむしばむ、を侵食する
1433,abolish,を廃止する
1434,strip,を取り去る、を裸にする
1435,dispose,を処分する、を気にさせる、を配置する
1436,dump,を投棄する、をどさっと落とす
1437,weave,を織る、を作り上げる
1438,refine,を洗練する、を精製する
1439,enrich,を豊かにする、を濃縮化する
1440,coordinate,を調整する、を組織する、をコーディネートする
1441,headline,見出し
1442,internship,実務研修、研修期間
1443,outlet,直売店、はけ口、コンセント
1444,remedy,治療、治療薬、解決法
1445,pill,錠剤、丸薬、ピル
1446,reception,反応、宴会、受付、受信
1447,transaction,取引、交流
1448,mutation,突然変異、変化
1449,dairy,乳製品、乳製品加工所
1450,compassion,同情
1451,posture,姿勢、心構え
1452,curse,悪態、呪い、災い
1453,funeral,葬式
1454,census,国勢調査、交通調査
1455,encyclopedia,百科事典
1456,cereal,穀物、シリアル
1457,fragment,断片
1458,patch,部分、斑点、継ぎ、貼り薬
1459,rubbish,ごみ、つまらないもの
1460,maze,迷路、複雑に込み入ったもの
1461,outlook,見解、見通し、眺め
1462,breakthrough,大発見、飛躍的進歩
1463,triumph,勝利、勝利の喜び、偉業
1464,ally,同盟国、提携者、援助者、盟友
1465,spectator,観客
1466,sphere,領域、球体、天体
1467,county,郡、州
1468,behalf,利益、味方
1469,interval,間隔、合間、隔たり、小休止
1470,circulation,循環、流通、発行部数
1471,blade,刃、羽根、葉
1472,theft,窃盗
1473,vacuum,真空、空虚
1474,collision,衝突、対立
1475,bargain,買い得品、取引、契約
1476,landmark,目印、画期的な出来事
1477,revenue,歳入、収益
1478,treaty,条約、協定
1479,supreme,最高の
1480,thorough,徹底的な、まったくの
1481,naked,裸の
1482,sincere,心からの、誠実な
1483,tame,飼いならされた、退屈な
1484,insufficient,不十分な、不適当な
1485,dim,薄暗い、ぼんやりした
1486,acute,激しい、鋭い、急性の
1487,disabled,障害のある、障害者用の
1488,metropolitan,大都市の、首都圏の
1489,monetary,金銭的な、金融の
1490,alternate,代わりの、交互の
1491,partial,部分的な、不公平な
1492,divine,神の、神にささげる
1493,drastic,徹底的な、抜本的な、極端な
1494,fierce,猛烈な、どう猛な
1495,sole,唯一の、単独の、独占的な
1496,spontaneous,自然発生的な、自発的な
1497,spatial,空間の
1498,neat,きちんとした、見事な
1499,tidy,きちんとした、整頓された、相当の
1500,loyal,忠実な、誠実な
1501,bless,に恩恵を与える、に感謝する
1502,regain,を取り戻す
1503,conform,順応する、一致する
1504,enroll,登録する、入会する
1505,entitle,に権利を与える、に題名をつける
1506,halt,を止める、止まる
1507,provoke,を引き起こす、を挑発する
1508,invade,を侵略する、を侵害する、に殺到する
1509,squeeze,押し入る、を押し込む、搾る、強く押す
1510,crawl,はう、ゆっくり進む
1511,digest,を消化する、を理解する、を要約する
1512,utter,を発する、を述べる
1513,refrain,控える
1514,populate,に住む、に人を住まわせる
1515,accommodate,を収容する、を適応させる
1516,steer,操縦する、に向ける
1517,drown,溺死する、を水浸しにする
1518,dip,を浸す、突っ込む、下がる
1519,soak,を浸す、をずぶぬれにする、浸る
1520,stir,をかき回す、を揺り動かす
1521,transplant,を移植する、を移住させる
1522,reassure,を安心させる
1523,resume,再開する、を取り戻す
1524,speculate,推測する、投機する
1525,surpass,を上回る
1526,appoint,を任命する、を指定する
1527,intrigue,に興味を持たせる、陰謀を企てる
1528,decay,腐敗する、衰える
1529,contaminate,を汚染する、を堕落させる
1530,swell,膨張する、腫れる、を膨らませる
1531,delete,を削除する、消す
1532,tolerate,を許容する、我慢する
1533,envy,をうらやむ
1534,pray,祈る
1535,confess,告白する
1536,resign,辞任する、を放棄する
1537,dissolve,を溶かす、を解散する、を解消する、溶ける
1538,unfold,を開く、を明らかにする
1539,awaken,を目覚めさせる、覚める
1540,conceive,思いつく、想像する、妊娠する
1541,entrepreneur,起業家、事業家
1542,stake,利害関係、賭け金、杭
1543,surplus,余剰、過剰、黒字
1544,inflation,インフレ、高騰
1545,sweatshop,搾取工場
1546,clash,衝突、対立
1547,sociology,社会学
1548,ideology,イデオロギー、思想傾向
1549,margin,余白、差、利ざや
1550,realm,領域、領土
1551,domain,分野、領域、ドメイン
1552,algorithm,アルゴリズム、問題解決の手順
1553,prairie,大草原
1554,frontier,最先端、辺境地、国境
1555,bullet,銃弾
1556,shield,盾、防御物
1557,despair,絶望
1558,radiation,放射能、放射線
1559,placebo,偽薬、プラシーボ、気休め
1560,nursery,託児所、苗床
1561,spouse,配偶者
1562,makeup,化粧、構成、性質
1563,mummy,ミイラ、ママ
1564,flesh,肉、果肉
1565,limb,手足
1566,odor,におい、気配
1567,laundry,洗濯、クリーニング店
1568,tide,潮、動向
1569,questionnaire,アンケート
1570,nonsense,ばかげた物、無意味な言葉
1571,revenge,復讐
1572,intellect,知性、知識人
1573,hospitality,親切なもてなし、受容性
1574,librarian,司書、図書館員
1575,manuscript,原稿、写本
1576,obsession,取りつかれること、妄想、強迫観念
1577,hygiene,衛生、健康法
1578,paradigm,理論的枠組み、パラダイム、模範
1579,legitimate,合法的な、妥当な
1580,authentic,本物の、信頼できる
1581,empirical,経験的な、経験主義の
1582,immense,膨大な
1583,absurd,ばかげた、不合理な
1584,weird,異様な、奇妙な
1585,accidental,偶然の、過失による
1586,uneasy,不安な、落ち着かない、ぎこちない
1587,jealous,嫉妬深い、用心深い
1588,feminine,女らしい
1589,swift,素早い
1590,hollow,空洞の、空虚な、うわべだけの
1591,crude,大まかな、粗野な、未精製の
1592,sore,痛い、腹が立って
1593,pessimistic,悲観的な
1594,vain,無駄な、うぬぼれた
1595,susceptible,影響を受けやすい、感染しやすい
1596,edible,食用の、食べられる
1597,sheer,純然たる、真の、すごい
1598,explicit,明白な、率直な
1599,prone,なりやすい、傾向がある
1600,affluent,裕福な、豊富な
1601,collaborate,共同して働く、協力する
1602,exert,を及ぼす、を行使する
1603,excel,秀でている、に勝る
1604,prosper,栄える、成功する、繁殖する
1605,surge,殺到する、こみ上げる、急騰する
1606,intervene,介入する、介在する
1607,insert,を挿入する
1608,overtake,を追い抜く、に追いつく、を襲う
1609,snap,パチンと鳴らす、ポキッと折れる
1610,carve,を彫る、を切り開く、を切り分ける
1611,addict,中毒になる、に凝る
1612,condemn,を非難する、宣告される
1613,convict,に有罪を宣告する
1614,dictate,を指図する、を書き取らせる、を規定する
1615,prescribe,を処方する、を規定する
1616,inhibit,を抑制する、を妨げる
1617,stray,はぐれる、迷う
1618,roam,歩き回る、放浪する
1619,enclose,を同封する、を取り囲む
1620,execute,を実行する、を処刑する
1621,coincide,同時に起こる、一致する
1622,lag,遅れる、徐々に弱まる
1623,cling,しがみつく、くっつく
1624,erase,を消す
1625,grind,をひく
1626,knit,を編む、を結合する
1627,inquire,尋ねる
1628,betray,をうっかり表す、を裏切る
1629,leak,漏れる、を漏らす
1630,smash,を粉砕する、を強打する
1631,bounce,跳ねる、反射する、を弾ませる、返送される
1632,sprawl,不規則に広がる、手足を伸ばす
1633,converse,会話をする
1634,recite,を暗唱する、を詳述する
1635,disregard,を無視する、を軽視する
1636,frown,眉をひそめる
1637,evoke,を呼び起こす
1638,pledge,を誓う、を約束する
1639,aspire,熱望する
1640,contemplate,熟考する、を予想する
1641,grace,優美、分別、恩寵
1642,enlightenment,啓蒙、啓発
1643,commerce,商業、貿易
1644,draft,下書き、手形、隙間風
1645,barrel,バレル、たる
1646,timber,木材、樹木
1647,garment,衣服
1648,thread,糸、筋道
1649,cabinet,内閣、戸棚
1650,bureau,局、事務局、案内所
1651,autonomy,自律、自治、自治体
1652,toll,損害、死傷者数、通行料
1653,discourse,話し合い、講演、論説
1654,superstition,迷信
1655,glimpse,ちらりと見えること
1656,arithmetic,計算、算数
1657,glossary,用語小辞典、用語集
1658,archive,記録文書、アーカイブ
1659,legacy,遺産
1660,anthropology,人類学
1661,rage,激怒、猛威
1662,sorrow,悲しみ
1663,psychiatrist,精神科医
1664,ward,行政区、病棟
1665,stall,露店、エンスト、失速
1666,flame,炎、情熱
1667,moisture,水分、湿気
1668,irony,皮肉
1669,warrior,戦士
1670,astronomy,天文学
1671,probe,宇宙探査機、精査
1672,altitude,高度、標高
1673,tumor,腫瘍、腫れ物
1674,defect,欠陥、不足
1675,sanitation,公衆衛生、下水設備
1676,longevity,長寿、寿命、長年勤続
1677,scope,範囲、余地
1678,sentiment,感情、感想、感傷
1679,plausible,もっともらしい
1680,vigorous,精力的な、激しい、活力のある
1681,masculine,男らしい
1682,rigid,厳しい、硬直した
1683,adverse,不都合な、逆の
1684,coherent,一貫した、結束した
1685,literal,文字どおりの、逐語的な
1686,arbitrary,恣意的な、独断的な
1687,anonymous,匿名の
1688,antique,骨董の、古風な
1689,eternal,永遠の、不変の
1690,intermediate,中級の、中間の
1691,subordinate,下位の、副次的な
1692,gloomy,陰気な、薄暗い、悲観的な
1693,thermal,熱の、保温用の
1694,faint,かすかな、めまいがする
1695,naive,お人よし、純朴な
1696,apt,傾向がある、適切な、利発な
1697,arrogant,横柄な、傲慢な
1698,extrovert,外向的な、社交的な
1699,conspicuous,目立つ
1700,intact,損なわれていない、手つかずの
1701,embody,を具現する、を包含する
1702,illuminate,を照らす、を解明する
1703,console,を慰める
1704,verify,の正しさを証明する
1705,disclose,を公表する、暴く
1706,stack,を積む、渋滞する
1707,rotate,回転する、循環する、を回転させる
1708,constrain,に強いる、を抑える
1709,hinder,を妨げる
1710,withstand,に耐える
1711,tweet,ツイートする
1712,sneeze,くしゃみをする
1713,erupt,噴火する、勃発する
1714,blur,をぼかす、を曇らせる、をあいまいにする
1715,overlap,重なる、重複する
1716,embed,埋め込まれる、はめ込まれる
1717,displace,に取って代わる、を移動させる
1718,render,をある状態にする、を与える
1719,plunge,突っ込む、没頭する、陥る
1720,surrender,を放棄する、引き渡す、屈する
1721,plug,プラグを差し込む、をふさぐ
1722,suck,吸う、しゃぶる
1723,mock,をばかにする、のまねをする
1724,tease,からかう、をいじめる
1725,soothe,をなだめる、を和らげる
1726,stain,を汚す、に着色する
1727,shun,を避ける
1728,stumble,よろけながら歩く、つまずく
1729,flush,を紅潮させる、を水で流す、紅潮する
1730,impair,を損なう
1731,presume,と思う、と推定する、を前提とする
1732,contend,と主張する、競う
1733,roar,うなる、ほえる、大笑いする
1734,haunt,につきまとう、に出る、によく行く
1735,divert,をそらす、を迂回させる、を転用する
1736,await,を待つ
1737,fetch,を持ってくる、を連れてくる
1738,unify,を統合する、統一される
1739,inspect,を点検する、を視察する
1740,entail,を伴う、引き起こす、を含む
1741,tactics,作戦、方策、戦術
1742,feat,偉業、功績、妙技
1743,prestige,名声
1744,analogy,類推、類似
1745,conscience,良心、分別
1746,textile,織物、繊維
1747,deficit,赤字、不足、欠陥
1748,plague,疫病、異常発生
1749,hazard,危険、偶然
1750,metabolism,新陳代謝
1751,paralysis,麻痺
1752,grid,供給網、格子
1753,carriage,馬車、車両、立ち居振舞い、輸送
1754,friction,不和、摩擦
1755,rebel,反逆者
1756,regime,政権、政体、体制
1757,monopoly,独占
1758,staple,必需食品、主要産物
1759,merchandise,商品
1760,vendor,物売り、自動販売機
1761,supervisor,監督者、指導教員
1762,predecessor,前任者、前のもの
1763,personnel,職員、社員
1764,vessel,船舶、容器、脈管
1765,liver,肝臓
1766,duration,継続、持続時間
1767,certificate,証明書、免許状
1768,geometry,幾何学
1769,symmetry,対称、調和
1770,biography,伝記
1771,masterpiece,傑作
1772,rhyme,押韻詩、韻、詩歌
1773,premium,保険料、プレミア、景品
1774,breakdown,崩壊、衰弱、故障、内訳
1775,courtesy,礼儀正しさ、好意、優遇
1776,protocol,議定書、外交儀礼、プロトコル
1777,specimen,標本、実例
1778,thesis,論文、命題
1779,eligible,適格の、資格のある
1780,intrinsic,固有の、本質的な
1781,diligent,勤勉な、入念な
1782,vocational,職業の、職業訓練の
1783,bankrupt,破産宣告を受けた、破綻している
1784,stern,厳しい、いかめしい
1785,stubborn,頑固な、手に負えない
1786,maternal,母の、母親らしい、妊婦の
1787,fertile,肥沃な、多産の
1788,ripe,熟した、成熟した
1789,stiff,硬直した、凝った、堅い
1790,obsolete,廃れた、古くなった
1791,vacant,空いている
1792,acoustic,音響の、聴覚の
1793,preliminary,予備の、準備の
1794,approximate,おおよその
1795,implicit,暗黙の、内在する
1796,punctual,時間を守る
1797,compatible,矛盾しない、互換性のある、気が合う
1798,ample,十分すぎるほどの、広い
1799,pervasive,隅々に広がった、浸透する、充満する
1800,ubiquitous,至る所にある
1801,deduce,を推測する、演繹する
1802,simulate,を模擬実験する、を装う
1803,merge,合併する、融合させる、溶け込む
1804,penetrate,浸透する、進出する、貫く、見抜く
1805,cater,料理をまかなう、要望に応える
1806,assault,に暴行する、を攻撃する
1807,torture,を拷問にかける、を苦しめる
1808,bleed,出血する
1809,erect,を建てる、を直立させる
1810,cherish,を大切にする、を心に抱く
1811,arouse,を引き起こす、を目覚めさせる
1812,doom,運命にある
1813,mourn,悼む、嘆く
1814,dread,をひどく恐れる
1815,nourish,に栄養を与える、をはぐくむ
1816,inject,注射する、を注入する、を導入する
1817,swear,ののしる、誓う
1818,bid,値をつける、挨拶を述べる
1819,corrupt,を堕落させる、を買収する、堕落する
1820,preoccupy,の心を奪う、を夢中にさせる
1821,browse,拾い読みする、閲覧する、見て歩く
1822,compile,を編集する、をまとめる
1823,allocate,を割り当てる、分配する
1824,offset,を相殺する、埋め合わせる
1825,restrain,を制止する、を規制する
1826,comply,従う、応じる
1827,expire,期限が切れる
1828,embark,乗り出す、乗船する
1829,flap,パタパタ動く、羽ばたく
1830,furnish,に備えつける
1831,forge,を偽造する、を築く、を鍛造する
1832,thrust,を押しつける、を突き刺す、押し進む
1833,dispatch,を派遣する、を発送する、を処理する
1834,resent,に憤慨する
1835,reconcile,を一致させる、を和解させる
1836,allege,を主張する
1837,oppress,を抑圧する、を悩ませる
1838,expel,を追放する、を吐き出す
1839,ascend,上がる
1840,commence,始まる、を開始する
1841,advent,出現、到来
1842,reign,治世、統治
1843,diplomacy,外交
1844,embassy,大使館、大使一行
1845,exile,亡命、追放
1846,refuge,避難、保護
1847,plight,窮状、状態
1848,solitude,ひとりでいること、孤独
1849,fallacy,誤った考え、錯誤
1850,latitude,緯度、許容範囲
1851,eclipse,食、失墜
1852,basin,流域、盆地、洗面器
1853,erosion,浸食、衰退
1854,archaeology,考古学
1855,errand,使い、用件
1856,mercy,慈悲、幸運
1857,rhetoric,修辞、美辞麗句
1858,verse,韻文、詩
1859,congestion,混雑
1860,sewage,下水
1861,complement,補完物、補足、補語
1862,subsidy,補助金、報奨金
1863,mortgage,住宅ローン、抵当
1864,attorney,弁護士、代理人
1865,outfit,衣装一式、装備一式、組織
1866,bulk,大半、大きさ、大量
1867,reunion,再会、再結合
1868,synthesis,合成、総合
1869,mold,鋳型、性格、かび
1870,thirst,のどの渇き、渇望
1871,greed,強欲
1872,bribe,賄賂
1873,contempt,軽蔑、恥辱
1874,texture,感触、本質、質感
1875,orphan,孤児
1876,harassment,嫌がらせ
1877,hay,干し草
1878,doctrine,教義、主義
1879,holistic,全体論の、ホリスティックの
1880,liable,しがちな、受けやすい、責任がある
1881,earnest,まじめな、熱心な
1882,intelligible,理解できる
1883,abrupt,突然の
1884,reckless,無謀な、顧みない
1885,furious,激怒した、猛烈な
1886,eloquent,雄弁な、説得力のある
1887,juvenile,青少年の
1888,notorious,悪名高い
1889,timid,臆病な、内気な
1890,humid,湿気のある
1891,contagious,感染性の
1892,cynical,冷笑的な、皮肉な
1893,dumb,ばかげた、口のきけない、無言の
1894,monotonous,単調な
1895,perpetual,永続的な、ひっきりなしの
1896,dizzy,目まいがする、当惑した
1897,weary,疲れ果てた、うんざりした
1898,numb,麻痺した、無感覚な、ぼう然とした
1899,mortal,致命的な、死すべき
1900,zealous,熱心な、熱狂的な