Category,Script_Content,Complexity_Level,Key_Features
UTokyo_L,"Thankfully this negative change in personality is short-lived, with the Dutch data showing that the teenager's previous positive features rebound in later adolescence. Both parents and their teenage children agree that changes occur, but surprisingly, the perceived change can depend on who is measuring.


Interestingly, the perceived change can depend on who is measuring, according to a 2017 study of over 2,700 German teenagers. They rated their own personalities twice, at age 11 and age 14, and their parents also rated their personalities at these times. Some revealing differences emerged. For instance, while the teenagers rated themselves as declining in ability to get along with adults, their parents saw this decline as much sharper.



Also, the teens saw themselves as increasingly friendly to each other, but their parents saw them as increasingly withdrawn. Parents, as a whole, see their children as becoming less nice, was the researcher's interpretation. On a more positive note, the parents saw their children's declines in honesty as less striking than their children did. This mismatch may seem contradictory at first, but can perhaps be explained by the big changes underway in the parent-child relationship brought on by teenagers' growing desire for autonomy and privacy.

The researchers point out that parents and teens might also be using different reference points. Parents are measuring their teenagers' features against a typical adult. The researchers point out that parents and teens might also be using different reference points. Parents are measuring their teenagers' features against a typical adult, while the teenagers are comparing their own features against those displayed by their peers.


This is in line with several further studies, which also reveal a pattern of a temporary reduction in advantageous features, especially niceness and self-discipline, in early adolescence. The general picture of the teenage years as a temporary personality conflict therefore seems accurate. Many artists are turned off by artificial intelligence.


They may be discouraged by fears that AI, with its efficiency, will take away people's jobs. They may question the ability of machines to be creative, or they may have a desire to explore AI's use, but aren't able to understand its technical terms. This all reminds me of when people were similarly doubtful of another technology, the camera.

In the 19th century, with the invention of modern photography, cameras introduced both challenges and benefits. While some artists embraced the technology, others saw them as alien devices that required expertise to operate. Some felt this posed a threat to their jobs. But for those artists willing to explore cameras as tools in their work, the possibilities of photography proved inspiring.


cameras as tools in their work, the possibilities of photography proved inspiring. Indeed cameras, which became more accessible to the average user with advancements in technology, offered another technique and form for artistic endeavors like portrait making. Art matters because as humans, we all have the ability to be creative. With time, the art we create evolves, and technology plays a crucial role in the process.


History has shown that photography, as a novel tool and medium, helped revolutionize the way modern artists create works by expanding the idea of what could be considered art. Photography eventually found its way into museums. Today we know that cameras didn't kill art. They simply provided people with another way to express themselves visually.


This comparison is crucial to understanding the potential for artificial intelligence to influence art in this century. As machine learning becomes an increasing part of our everyday lives, incorporated into everything from the phones we text with to the cars we drive, it's only natural to ask what the future of art in such an AI-dominated society will be.


This question becomes even more relevant as machines step into the artistic realm as creators of art. In summer 2019, the Barbican Centre in London presented AI-produced pieces in a show called AI – More Than Human. And in November later that year, over one million people attended an exhibition exploring art and science at the National Museum of China in which many works were created using computer programs.


I founded the Art and Artificial Intelligence Laboratory at Rutgers University in 2012. As an AI researcher, my main goal is to advance the technology. For me, this requires looking at human creativity to develop programs that not only understand our achievements in visual art, music and literature, but also produce or co-produce works in those fields.


After all, it is our capacity to expand our creative skills beyond basic problem-solving into artistic expression that uniquely distinguishes us as humans. Human creativity has led to the invention of artificial intelligence, and now machines themselves can be forces of creativity. Naturally, we are curious to see what AI is capable of and how it can develop.


During the past eight years at the lab, our researchers have realized that AI has great potential for solving problems in art. For example, as a tool, machine intelligence can help distinguish authentic paintings from fake ones by analyzing individual brush strokes. AI can also make sense of art by helping uncover potentially similar influences among artworks from different periods.

In one test, machine learning was able to identify works that changed the course of art history and highlight new aspects of how that history evolved. Beyond digesting information, machines have also been able to create novel images, nearly entirely on their own, that viewers are unable to distinguish from works made by human artists.


AI is even able to compose music that you can listen to on your mobile phone. Artists have long integrated new technologies into their practices. AI is no exception, yet there is a fundamental difference. This time, the machine is its own source of creativity. With the ability to search through vast amounts of historical and social data, artificial intelligence can produce imagery that is beyond our imagination.


This element of surprise is the force that can advance artistic mediums in new directions, with the machines functioning not only as tools for artists, but also as their partners. But can an artificially intelligent machine be an artist in its own right? My answer is no. While the definition of art is ever-evolving, at its core it is a form of communication among humans.


Without a human artist behind the machine, AL can do little more than play with form, whether that means manipulating pixels on a screen or notes on a music ledger. These activities can be engaging and interesting for the human senses, but they lack meaning without interaction between artist and audience. I've noticed that new technologies are often met first with doubt before eventually being adopted.

I see the same path emerging for artificial intelligence. Like the camera, AI offers a means for artists and non-artists alike to express themselves. That makes me confident that smart machines can only help, not hurt, human creativity. The future of art looks promising.",Middle (UTokyo Standard),"Specific Numbers, Year (2005/2017), Transition phrases, Contrast (Parents vs Teens)"
Kyoto_L,"Philosophy is the study of general and fundamental questions, such as those about existence, reason, knowledge, values, mind, and language. Such questions are often posed as problems to be studied or resolved. The term was probably coined by Pythagoras.",High (Kyoto Standard),"Abstract concepts, Philosophical terminology, Deep reasoning"
Osaka_L,"Good morning. Today I will discuss the impact of artificial intelligence on modern healthcare. As you can see from this graph, the adoption rate has increased significantly over the last decade. However, there are still ethical concerns regarding patient privacy.",Medium (Osaka Standard),"Presentation style, Scientific data, Clear structure, 'Good morning', 'As you can see'"
